Workbook

Sheet 사용방법
A1: 서울 무주택 진입 – 타깃 단지별 취득·보유·양도 3단계 세금 시뮬레이션
A3: 작성일 | B3: 2026-10-20 (가격·규제는 2026-10월 검색 기준)
A4: 전제 | B4: 지방 2주택을 처분해 서울에서 무주택자로 진입. 자기자본 12·14·16억(세후 가용 현금으로 가정, 입력 시트에서 변경). 실거주 + 장기보유(1세대1주택) 구조.
A5: 셀 색 규칙 | B5: 파란 글씨 = 입력값(변경 가능, 노란 배경 = 핵심 입력) / 검정 = 수식 / 초록 = 다른 시트에서 가져온 값
A6: 바꿔 볼 곳 | B6: ① '입력' 시트: 자기자본, 금리, 상승률, 전세가율 등 / ② '단지' 시트 F열: 매매가(억). 7번 행은 직접 입력하는 예시 행입니다.
A7: 시트 구성 | B7: 입력 → 세율표 → 단지(매수 단계: 대출·취득세·필요 자기자본) → 보유세_스케줄(보유 단계) → 시뮬레이션(양도 단계·손익) → 요약 → 최대매수가능액
A8: 단위 | B8: 금액은 억 원(보유세 1년차·월 원리금은 만원). 수익률은 투자금 대비 10년 누적(연환산은 단순 계산).
A9: 데이터 한계 | B9: 단지 가격은 뉴스·KB시세·시세사이트 기반 참고값이며 일부는 추정입니다. 계약 전 국토부 실거래가 공개시스템과 네이버부동산 중층 매물로 교차검증하세요(단지 시트의 '신뢰도' 열 참고).
A10: 모델 단순화 | B10: ① 종부세는 재산세 중복분 공제·고령자/장기보유 세액공제를 반영하지 않음(보수적) ② 공시가 현실화율 69%·공정시장가액비율 60% 고정 ③ 2026.8월 세제개편안(종부세·장특공 한도·중과 완화)은 국회 통과 미확인으로 미반영 ④ 지방 2주택 처분 양도세와 처분 일정은 별도 검토 대상 ⑤ 실거주로 절감되는 주거비는 미반영.
A11: 면책 | B11: 세무사 확정 계산을 대체하지 않는 의사결정 참고용 모델입니다.

Sheet 요약
A1: 요약 – 타깃 단지별 3단계 세금과 손익
A2: 기준 시나리오(1=보수 2=기준 3=낙관) | C2: 2 | E2: 상승률 | F2: =CHOOSE(SelScen,G1,G2,G3) -> 0.04
A3: 매도 시점(년: 3·5·7·10 중 선택) | C3: 10
A5: 단지 | B5: 매매가 | C5: 대출 | D5: 필요 자기자본 | E5: A(12억) | F5: B(14억) | G5: C(16억) | H5: ① 취득세 등 | I5: 보유세 1년차(만원) | J5: ② 보유세 누계 | K5: ③ 양도세 | L5: 세금 합계 | M5: 세금/시세차익 | N5: 시세차익 | O5: 세후 순이익 | P5: 수익률 | Q5: 연환산 | R5: 회수율(배) | S5: 예금 대비 초과수익
A6: =INDEX(C_Name,1) -> 문래동 대단지 (단지 미특정, 입력 필요) | B6: =INDEX(C_Price,1) -> 12.5 | C6: =INDEX(C_Loan,1) -> 5 | D6: =INDEX(C_Equity,1) -> 8.015 | E6: =INDEX(단지!$Q$6:$Q$12,1) -> 가능 | F6: =INDEX(단지!$R$6:$R$12,1) -> 가능 | G6: =INDEX(단지!$S$6:$S$12,1) -> 가능 | H6: =SUMIFS(Sim_acq,Sim_Idx,1,Sim_Scen,SelScen,Sim_N,SelN) -> 0.4125 | I6: =INDEX(단지!$V$6:$V$12,1) -> 214.2 | J6: =SUMIFS(Sim_ptax,Sim_Idx,1,Sim_Scen,SelScen,Sim_N,SelN) -> 0.30427558 | K6: =SUMIFS(Sim_ctax,Sim_Idx,1,Sim_Scen,SelScen,Sim_N,SelN) -> 0.044013717 | L6: =H6+J6+K6 -> 0.7607893 | M6: =IF(N6>0,L6/N6,0) -> 0.12673372 | N6: =SUMIFS(Sim_S,Sim_Idx,1,Sim_Scen,SelScen,Sim_N,SelN)-B6 -> 6.0030536 | O6: =SUMIFS(Sim_net,Sim_Idx,1,Sim_Scen,SelScen,Sim_N,SelN) -> 3.193601 | P6: =SUMIFS(Sim_roi,Sim_Idx,1,Sim_Scen,SelScen,Sim_N,SelN) -> 0.39845303 | Q6: =SUMIFS(Sim_cagr,Sim_Idx,1,Sim_Scen,SelScen,Sim_N,SelN) -> 0.034105358 | R6: =SUMIFS(Sim_recr,Sim_Idx,1,Sim_Scen,SelScen,Sim_N,SelN) -> 1.7938077 | S6: =SUMIFS(Sim_exc,Sim_Idx,1,Sim_Scen,SelScen,Sim_N,SelN) -> 0.91062326
A7: =INDEX(C_Name,2) -> 신길삼성래미안 84㎡ | B7: =INDEX(C_Price,2) -> 13 | C7: =INDEX(C_Loan,2) -> 5.2 | D7: =INDEX(C_Equity,2) -> 8.3348 | E7: =INDEX(단지!$Q$6:$Q$12,2) -> 가능 | F7: =INDEX(단지!$R$6:$R$12,2) -> 가능 | G7: =INDEX(단지!$S$6:$S$12,2) -> 가능 | H7: =SUMIFS(Sim_acq,Sim_Idx,2,Sim_Scen,SelScen,Sim_N,SelN) -> 0.429 | I7: =INDEX(단지!$V$6:$V$12,2) -> 225.792 | J7: =SUMIFS(Sim_ptax,Sim_Idx,2,Sim_Scen,SelScen,Sim_N,SelN) -> 0.3255508 | K7: =SUMIFS(Sim_ctax,Sim_Idx,2,Sim_Scen,SelScen,Sim_N,SelN) -> 0.05107982 | L7: =H7+J7+K7 -> 0.80563062 | M7: =IF(N7>0,L7/N7,0) -> 0.1290418 | N7: =SUMIFS(Sim_S,Sim_Idx,2,Sim_Scen,SelScen,Sim_N,SelN)-B7 -> 6.2431757 | O7: =SUMIFS(Sim_net,Sim_Idx,2,Sim_Scen,SelScen,Sim_N,SelN) -> 3.3077353 | P7: =SUMIFS(Sim_roi,Sim_Idx,2,Sim_Scen,SelScen,Sim_N,SelN) -> 0.39685839 | Q7: =SUMIFS(Sim_cagr,Sim_Idx,2,Sim_Scen,SelScen,Sim_N,SelN) -> 0.03398738 | R7: =SUMIFS(Sim_recr,Sim_Idx,2,Sim_Scen,SelScen,Sim_N,SelN) -> 1.7933433 | S7: =SUMIFS(Sim_exc,Sim_Idx,2,Sim_Scen,SelScen,Sim_N,SelN) -> 0.93366631
A8: =INDEX(C_Name,3) -> 신길 래미안에스티움 84㎡ | B8: =INDEX(C_Price,3) -> 18.8 | C8: =INDEX(C_Loan,3) -> 4 | D8: =INDEX(C_Equity,3) -> 15.58516 | E8: =INDEX(단지!$Q$6:$Q$12,3) -> 부족 3.6억 | F8: =INDEX(단지!$R$6:$R$12,3) -> 부족 1.6억 | G8: =INDEX(단지!$S$6:$S$12,3) -> 가능 | H8: =SUMIFS(Sim_acq,Sim_Idx,3,Sim_Scen,SelScen,Sim_N,SelN) -> 0.6204 | I8: =INDEX(단지!$V$6:$V$12,3) -> 441.9504 | J8: =SUMIFS(Sim_ptax,Sim_Idx,3,Sim_Scen,SelScen,Sim_N,SelN) -> 0.63573301 | K8: =SUMIFS(Sim_ctax,Sim_Idx,3,Sim_Scen,SelScen,Sim_N,SelN) -> 0.1721857 | L8: =H8+J8+K8 -> 1.4283187 | M8: =IF(N8>0,L8/N8,0) -> 0.15819949 | N8: =SUMIFS(Sim_S,Sim_Idx,3,Sim_Scen,SelScen,Sim_N,SelN)-B8 -> 9.0285926 | O8: =SUMIFS(Sim_net,Sim_Idx,3,Sim_Scen,SelScen,Sim_N,SelN) -> 5.7782819 | P8: =SUMIFS(Sim_roi,Sim_Idx,3,Sim_Scen,SelScen,Sim_N,SelN) -> 0.37075538 | Q8: =SUMIFS(Sim_cagr,Sim_Idx,3,Sim_Scen,SelScen,Sim_N,SelN) -> 0.032038731 | R8: =SUMIFS(Sim_recr,Sim_Idx,3,Sim_Scen,SelScen,Sim_N,SelN) -> 1.5585832 | S8: =SUMIFS(Sim_exc,Sim_Idx,3,Sim_Scen,SelScen,Sim_N,SelN) -> 1.3390338
A9: =INDEX(C_Name,4) -> 신길 보라매SK뷰 84.98㎡ | B9: =INDEX(C_Price,4) -> 20.4 | C9: =INDEX(C_Loan,4) -> 4 | D9: =INDEX(C_Equity,4) -> 17.25028 | E9: =INDEX(단지!$Q$6:$Q$12,4) -> 부족 5.3억 | F9: =INDEX(단지!$R$6:$R$12,4) -> 부족 3.3억 | G9: =INDEX(단지!$S$6:$S$12,4) -> 부족 1.3억 | H9: =SUMIFS(Sim_acq,Sim_Idx,4,Sim_Scen,SelScen,Sim_N,SelN) -> 0.6732 | I9: =INDEX(단지!$V$6:$V$12,4) -> 522.7632 | J9: =SUMIFS(Sim_ptax,Sim_Idx,4,Sim_Scen,SelScen,Sim_N,SelN) -> 0.74063634 | K9: =SUMIFS(Sim_ctax,Sim_Idx,4,Sim_Scen,SelScen,Sim_N,SelN) -> 0.22488125 | L9: =H9+J9+K9 -> 1.6387176 | M9: =IF(N9>0,L9/N9,0) -> 0.16726757 | N9: =SUMIFS(Sim_S,Sim_Idx,4,Sim_Scen,SelScen,Sim_N,SelN)-B9 -> 9.7969834 | O9: =SUMIFS(Sim_net,Sim_Idx,4,Sim_Scen,SelScen,Sim_N,SelN) -> 6.3057173 | P9: =SUMIFS(Sim_roi,Sim_Idx,4,Sim_Scen,SelScen,Sim_N,SelN) -> 0.36554289 | Q9: =SUMIFS(Sim_cagr,Sim_Idx,4,Sim_Scen,SelScen,Sim_N,SelN) -> 0.03164561 | R9: =SUMIFS(Sim_recr,Sim_Idx,4,Sim_Scen,SelScen,Sim_N,SelN) -> 1.5413215 | S9: =SUMIFS(Sim_exc,Sim_Idx,4,Sim_Scen,SelScen,Sim_N,SelN) -> 1.3921794
A10: =INDEX(C_Name,5) -> 본동 래미안트윈파크 (32평형) | B10: =INDEX(C_Price,5) -> 24.2 | C10: =INDEX(C_Loan,5) -> 4 | D10: =INDEX(C_Equity,5) -> 21.20494 | E10: =INDEX(단지!$Q$6:$Q$12,5) -> 부족 9.2억 | F10: =INDEX(단지!$R$6:$R$12,5) -> 부족 7.2억 | G10: =INDEX(단지!$S$6:$S$12,5) -> 부족 5.2억 | H10: =SUMIFS(Sim_acq,Sim_Idx,5,Sim_Scen,SelScen,Sim_N,SelN) -> 0.7986 | I10: =INDEX(단지!$V$6:$V$12,5) -> 714.6936 | J10: =SUMIFS(Sim_ptax,Sim_Idx,5,Sim_Scen,SelScen,Sim_N,SelN) -> 1.0098786 | K10: =SUMIFS(Sim_ctax,Sim_Idx,5,Sim_Scen,SelScen,Sim_N,SelN) -> 0.35006079 | L10: =H10+J10+K10 -> 2.1585394 | M10: =IF(N10>0,L10/N10,0) -> 0.18573015 | N10: =SUMIFS(Sim_S,Sim_Idx,5,Sim_Scen,SelScen,Sim_N,SelN)-B10 -> 11.621912 | O10: =SUMIFS(Sim_net,Sim_Idx,5,Sim_Scen,SelScen,Sim_N,SelN) -> 7.5382518 | P10: =SUMIFS(Sim_roi,Sim_Idx,5,Sim_Scen,SelScen,Sim_N,SelN) -> 0.35549508 | Q10: =SUMIFS(Sim_cagr,Sim_Idx,5,Sim_Scen,SelScen,Sim_N,SelN) -> 0.030883989 | R10: =SUMIFS(Sim_recr,Sim_Idx,5,Sim_Scen,SelScen,Sim_N,SelN) -> 1.5111886 | S10: =SUMIFS(Sim_exc,Sim_Idx,5,Sim_Scen,SelScen,Sim_N,SelN) -> 1.4982759
A11: =INDEX(C_Name,6) -> 흑석 아크로리버하임 84.75㎡ | B11: =INDEX(C_Price,6) -> 28.75 | C11: =INDEX(C_Loan,6) -> 2 | D11: =INDEX(C_Equity,6) -> 27.940125 | E11: =INDEX(단지!$Q$6:$Q$12,6) -> 부족 15.9억 | F11: =INDEX(단지!$R$6:$R$12,6) -> 부족 13.9억 | G11: =INDEX(단지!$S$6:$S$12,6) -> 부족 11.9억 | H11: =SUMIFS(Sim_acq,Sim_Idx,6,Sim_Scen,SelScen,Sim_N,SelN) -> 0.94875 | I11: =INDEX(단지!$V$6:$V$12,6) -> 985.365 | J11: =SUMIFS(Sim_ptax,Sim_Idx,6,Sim_Scen,SelScen,Sim_N,SelN) -> 1.3820315 | K11: =SUMIFS(Sim_ctax,Sim_Idx,6,Sim_Scen,SelScen,Sim_N,SelN) -> 0.5078934 | L11: =H11+J11+K11 -> 2.8386749 | M11: =IF(N11>0,L11/N11,0) -> 0.20559645 | N11: =SUMIFS(Sim_S,Sim_Idx,6,Sim_Scen,SelScen,Sim_N,SelN)-B11 -> 13.807023 | O11: =SUMIFS(Sim_net,Sim_Idx,6,Sim_Scen,SelScen,Sim_N,SelN) -> 9.6778083 | P11: =SUMIFS(Sim_roi,Sim_Idx,6,Sim_Scen,SelScen,Sim_N,SelN) -> 0.3463767 | Q11: =SUMIFS(Sim_cagr,Sim_Idx,6,Sim_Scen,SelScen,Sim_N,SelN) -> 0.030188408 | R11: =SUMIFS(Sim_recr,Sim_Idx,6,Sim_Scen,SelScen,Sim_N,SelN) -> 1.4368497 | S11: =SUMIFS(Sim_exc,Sim_Idx,6,Sim_Scen,SelScen,Sim_N,SelN) -> 1.7193948
A12: =INDEX(C_Name,7) -> 예시 행: 직접 입력 | B12: =INDEX(C_Price,7) -> 14 | C12: =INDEX(C_Loan,7) -> 5.6 | D12: =INDEX(C_Equity,7) -> 8.9744 | E12: =INDEX(단지!$Q$6:$Q$12,7) -> 가능 | F12: =INDEX(단지!$R$6:$R$12,7) -> 가능 | G12: =INDEX(단지!$S$6:$S$12,7) -> 가능 | H12: =SUMIFS(Sim_acq,Sim_Idx,7,Sim_Scen,SelScen,Sim_N,SelN) -> 0.462 | I12: =INDEX(단지!$V$6:$V$12,7) -> 283.752 | J12: =SUMIFS(Sim_ptax,Sim_Idx,7,Sim_Scen,SelScen,Sim_N,SelN) -> 0.36989789 | K12: =SUMIFS(Sim_ctax,Sim_Idx,7,Sim_Scen,SelScen,Sim_N,SelN) -> 0.065215553 | L12: =H12+J12+K12 -> 0.89711344 | M12: =IF(N12>0,L12/N12,0) -> 0.13343112 | N12: =SUMIFS(Sim_S,Sim_Idx,7,Sim_Scen,SelScen,Sim_N,SelN)-B12 -> 6.72342 | O12: =SUMIFS(Sim_net,Sim_Idx,7,Sim_Scen,SelScen,Sim_N,SelN) -> 3.5342037 | P12: =SUMIFS(Sim_roi,Sim_Idx,7,Sim_Scen,SelScen,Sim_N,SelN) -> 0.39380947 | Q12: =SUMIFS(Sim_cagr,Sim_Idx,7,Sim_Scen,SelScen,Sim_N,SelN) -> 0.03376147 | R12: =SUMIFS(Sim_recr,Sim_Idx,7,Sim_Scen,SelScen,Sim_N,SelN) -> 1.7925134 | S12: =SUMIFS(Sim_exc,Sim_Idx,7,Sim_Scen,SelScen,Sim_N,SelN) -> 0.97795223
A15: 민감도 ① 세후 순이익(억) – 상승률 시나리오별 (매도 시점 = C3)
A16: 단지 | B16: 보수 | C16: 기준 | D16: 낙관
A17: =INDEX(C_Name,1) -> 문래동 대단지 (단지 미특정, 입력 필요) | B17: =SUMIFS(Sim_net,Sim_Idx,1,Sim_Scen,1,Sim_N,SelN) -> 0.030939191 | C17: =SUMIFS(Sim_net,Sim_Idx,1,Sim_Scen,2,Sim_N,SelN) -> 3.193601 | D17: =SUMIFS(Sim_net,Sim_Idx,1,Sim_Scen,3,Sim_N,SelN) -> 6.875096
A18: =INDEX(C_Name,2) -> 신길삼성래미안 84㎡ | B18: =SUMIFS(Sim_net,Sim_Idx,2,Sim_Scen,1,Sim_N,SelN) -> 0.022355412 | C18: =SUMIFS(Sim_net,Sim_Idx,2,Sim_Scen,2,Sim_N,SelN) -> 3.3077353 | D18: =SUMIFS(Sim_net,Sim_Idx,2,Sim_Scen,3,Sim_N,SelN) -> 7.1250369
A19: =INDEX(C_Name,3) -> 신길 래미안에스티움 84㎡ | B19: =SUMIFS(Sim_net,Sim_Idx,3,Sim_Scen,1,Sim_N,SelN) -> 1.1487704 | C19: =SUMIFS(Sim_net,Sim_Idx,3,Sim_Scen,2,Sim_N,SelN) -> 5.7782819 | D19: =SUMIFS(Sim_net,Sim_Idx,3,Sim_Scen,3,Sim_N,SelN) -> 11.104126
A20: =INDEX(C_Name,4) -> 신길 보라매SK뷰 84.98㎡ | B20: =SUMIFS(Sim_net,Sim_Idx,4,Sim_Scen,1,Sim_N,SelN) -> 1.3216445 | C20: =SUMIFS(Sim_net,Sim_Idx,4,Sim_Scen,2,Sim_N,SelN) -> 6.3057173 | D20: =SUMIFS(Sim_net,Sim_Idx,4,Sim_Scen,3,Sim_N,SelN) -> 12.059444
A21: =INDEX(C_Name,5) -> 본동 래미안트윈파크 (32평형) | B21: =SUMIFS(Sim_net,Sim_Idx,5,Sim_Scen,1,Sim_N,SelN) -> 1.7132838 | C21: =SUMIFS(Sim_net,Sim_Idx,5,Sim_Scen,2,Sim_N,SelN) -> 7.5382518 | D21: =SUMIFS(Sim_net,Sim_Idx,5,Sim_Scen,3,Sim_N,SelN) -> 14.300136
A22: =INDEX(C_Name,6) -> 흑석 아크로리버하임 84.75㎡ | B22: =SUMIFS(Sim_net,Sim_Idx,6,Sim_Scen,1,Sim_N,SelN) -> 2.8574674 | C22: =SUMIFS(Sim_net,Sim_Idx,6,Sim_Scen,2,Sim_N,SelN) -> 9.6778083 | D22: =SUMIFS(Sim_net,Sim_Idx,6,Sim_Scen,3,Sim_N,SelN) -> 17.65999
A23: =INDEX(C_Name,7) -> 예시 행: 직접 입력 | B23: =SUMIFS(Sim_net,Sim_Idx,7,Sim_Scen,1,Sim_N,SelN) -> 0.014503624 | C23: =SUMIFS(Sim_net,Sim_Idx,7,Sim_Scen,2,Sim_N,SelN) -> 3.5342037 | D23: =SUMIFS(Sim_net,Sim_Idx,7,Sim_Scen,3,Sim_N,SelN) -> 7.6049682
A26: 민감도 ② 세후 순이익(억) – 매도 시점별 (상승률 시나리오 = C2)
A27: 단지 | B27: 3년 | C27: 5년 | D27: 7년 | E27: 10년
A28: =INDEX(C_Name,1) -> 문래동 대단지 (단지 미특정, 입력 필요) | B28: =SUMIFS(Sim_net,Sim_Idx,1,Sim_Scen,SelScen,Sim_N,3) -> 0.29221648 | C28: =SUMIFS(Sim_net,Sim_Idx,1,Sim_Scen,SelScen,Sim_N,5) -> 0.96641688 | D28: =SUMIFS(Sim_net,Sim_Idx,1,Sim_Scen,SelScen,Sim_N,7) -> 1.7582451 | E28: =SUMIFS(Sim_net,Sim_Idx,1,Sim_Scen,SelScen,Sim_N,10) -> 3.193601
A29: =INDEX(C_Name,2) -> 신길삼성래미안 84㎡ | B29: =SUMIFS(Sim_net,Sim_Idx,2,Sim_Scen,SelScen,Sim_N,3) -> 0.29873452 | C29: =SUMIFS(Sim_net,Sim_Idx,2,Sim_Scen,SelScen,Sim_N,5) -> 0.99377775 | D29: =SUMIFS(Sim_net,Sim_Idx,2,Sim_Scen,SelScen,Sim_N,7) -> 1.8161559 | E29: =SUMIFS(Sim_net,Sim_Idx,2,Sim_Scen,SelScen,Sim_N,10) -> 3.3077353
A30: =INDEX(C_Name,3) -> 신길 래미안에스티움 84㎡ | B30: =SUMIFS(Sim_net,Sim_Idx,3,Sim_Scen,SelScen,Sim_N,3) -> 0.72996469 | C30: =SUMIFS(Sim_net,Sim_Idx,3,Sim_Scen,SelScen,Sim_N,5) -> 1.9232361 | D30: =SUMIFS(Sim_net,Sim_Idx,3,Sim_Scen,SelScen,Sim_N,7) -> 3.269164 | E30: =SUMIFS(Sim_net,Sim_Idx,3,Sim_Scen,SelScen,Sim_N,10) -> 5.7782819
A31: =INDEX(C_Name,4) -> 신길 보라매SK뷰 84.98㎡ | B31: =SUMIFS(Sim_net,Sim_Idx,4,Sim_Scen,SelScen,Sim_N,3) -> 0.807912 | C31: =SUMIFS(Sim_net,Sim_Idx,4,Sim_Scen,SelScen,Sim_N,5) -> 2.0867334 | D31: =SUMIFS(Sim_net,Sim_Idx,4,Sim_Scen,SelScen,Sim_N,7) -> 3.5564225 | E31: =SUMIFS(Sim_net,Sim_Idx,4,Sim_Scen,SelScen,Sim_N,10) -> 6.3057173
A32: =INDEX(C_Name,5) -> 본동 래미안트윈파크 (32평형) | B32: =SUMIFS(Sim_net,Sim_Idx,5,Sim_Scen,SelScen,Sim_N,3) -> 0.97561851 | C32: =SUMIFS(Sim_net,Sim_Idx,5,Sim_Scen,SelScen,Sim_N,5) -> 2.4616512 | D32: =SUMIFS(Sim_net,Sim_Idx,5,Sim_Scen,SelScen,Sim_N,7) -> 4.2166086 | E32: =SUMIFS(Sim_net,Sim_Idx,5,Sim_Scen,SelScen,Sim_N,10) -> 7.5382518
A33: =INDEX(C_Name,6) -> 흑석 아크로리버하임 84.75㎡ | B33: =SUMIFS(Sim_net,Sim_Idx,6,Sim_Scen,SelScen,Sim_N,3) -> 1.3839202 | C33: =SUMIFS(Sim_net,Sim_Idx,6,Sim_Scen,SelScen,Sim_N,5) -> 3.2631468 | D33: =SUMIFS(Sim_net,Sim_Idx,6,Sim_Scen,SelScen,Sim_N,7) -> 5.4930507 | E33: =SUMIFS(Sim_net,Sim_Idx,6,Sim_Scen,SelScen,Sim_N,10) -> 9.6778083
A34: =INDEX(C_Name,7) -> 예시 행: 직접 입력 | B34: =SUMIFS(Sim_net,Sim_Idx,7,Sim_Scen,SelScen,Sim_N,3) -> 0.29511691 | C34: =SUMIFS(Sim_net,Sim_Idx,7,Sim_Scen,SelScen,Sim_N,5) -> 1.0514674 | D34: =SUMIFS(Sim_net,Sim_Idx,7,Sim_Scen,SelScen,Sim_N,7) -> 1.9298276 | E34: =SUMIFS(Sim_net,Sim_Idx,7,Sim_Scen,SelScen,Sim_N,10) -> 3.5342037
A37: 민감도 ③ 양도세(억) – 매도 시점별 (상승률 시나리오 = C2)
A38: 단지 | B38: 3년 | C38: 5년 | D38: 7년 | E38: 10년
A39: =INDEX(C_Name,1) -> 문래동 대단지 (단지 미특정, 입력 필요) | B39: =SUMIFS(Sim_ctax,Sim_Idx,1,Sim_Scen,SelScen,Sim_N,3) -> 0.0053560892 | C39: =SUMIFS(Sim_ctax,Sim_Idx,1,Sim_Scen,SelScen,Sim_N,5) -> 0.025371504 | D39: =SUMIFS(Sim_ctax,Sim_Idx,1,Sim_Scen,SelScen,Sim_N,7) -> 0.046963391 | E39: =SUMIFS(Sim_ctax,Sim_Idx,1,Sim_Scen,SelScen,Sim_N,10) -> 0.044013717
A40: =INDEX(C_Name,2) -> 신길삼성래미안 84㎡ | B40: =SUMIFS(Sim_ctax,Sim_Idx,2,Sim_Scen,SelScen,Sim_N,3) -> 0.0072753843 | C40: =SUMIFS(Sim_ctax,Sim_Idx,2,Sim_Scen,SelScen,Sim_N,5) -> 0.033611806 | D40: =SUMIFS(Sim_ctax,Sim_Idx,2,Sim_Scen,SelScen,Sim_N,7) -> 0.056585677 | E40: =SUMIFS(Sim_ctax,Sim_Idx,2,Sim_Scen,SelScen,Sim_N,10) -> 0.05107982
A41: =INDEX(C_Name,3) -> 신길 래미안에스티움 84㎡ | B41: =SUMIFS(Sim_ctax,Sim_Idx,3,Sim_Scen,SelScen,Sim_N,3) -> 0.057924498 | C41: =SUMIFS(Sim_ctax,Sim_Idx,3,Sim_Scen,SelScen,Sim_N,5) -> 0.16435147 | D41: =SUMIFS(Sim_ctax,Sim_Idx,3,Sim_Scen,SelScen,Sim_N,7) -> 0.25354204 | E41: =SUMIFS(Sim_ctax,Sim_Idx,3,Sim_Scen,SelScen,Sim_N,10) -> 0.1721857
A42: =INDEX(C_Name,4) -> 신길 보라매SK뷰 84.98㎡ | B42: =SUMIFS(Sim_ctax,Sim_Idx,4,Sim_Scen,SelScen,Sim_N,3) -> 0.075554736 | C42: =SUMIFS(Sim_ctax,Sim_Idx,4,Sim_Scen,SelScen,Sim_N,5) -> 0.22361882 | D42: =SUMIFS(Sim_ctax,Sim_Idx,4,Sim_Scen,SelScen,Sim_N,7) -> 0.32526561 | E42: =SUMIFS(Sim_ctax,Sim_Idx,4,Sim_Scen,SelScen,Sim_N,10) -> 0.22488125
A43: =INDEX(C_Name,5) -> 본동 래미안트윈파크 (32평형) | B43: =SUMIFS(Sim_ctax,Sim_Idx,5,Sim_Scen,SelScen,Sim_N,3) -> 0.13279079 | C43: =SUMIFS(Sim_ctax,Sim_Idx,5,Sim_Scen,SelScen,Sim_N,5) -> 0.3694961 | D43: =SUMIFS(Sim_ctax,Sim_Idx,5,Sim_Scen,SelScen,Sim_N,7) -> 0.50322175 | E43: =SUMIFS(Sim_ctax,Sim_Idx,5,Sim_Scen,SelScen,Sim_N,10) -> 0.35006079
A44: =INDEX(C_Name,6) -> 흑석 아크로리버하임 84.75㎡ | B44: =SUMIFS(Sim_ctax,Sim_Idx,6,Sim_Scen,SelScen,Sim_N,3) -> 0.21632377 | C44: =SUMIFS(Sim_ctax,Sim_Idx,6,Sim_Scen,SelScen,Sim_N,5) -> 0.5559978 | D44: =SUMIFS(Sim_ctax,Sim_Idx,6,Sim_Scen,SelScen,Sim_N,7) -> 0.72484686 | E44: =SUMIFS(Sim_ctax,Sim_Idx,6,Sim_Scen,SelScen,Sim_N,10) -> 0.5078934
A45: =INDEX(C_Name,7) -> 예시 행: 직접 입력 | B45: =SUMIFS(Sim_ctax,Sim_Idx,7,Sim_Scen,SelScen,Sim_N,3) -> 0.013425565 | C45: =SUMIFS(Sim_ctax,Sim_Idx,7,Sim_Scen,SelScen,Sim_N,5) -> 0.050105287 | D45: =SUMIFS(Sim_ctax,Sim_Idx,7,Sim_Scen,SelScen,Sim_N,7) -> 0.080158369 | E45: =SUMIFS(Sim_ctax,Sim_Idx,7,Sim_Scen,SelScen,Sim_N,10) -> 0.065215553

Sheet 단지
A1: 타깃 단지 – 매수 단계(대출·취득세·필요 자기자본)
A2: F열(매매가)이 핵심 입력입니다. '신뢰도'가 낮은 행은 국토부 실거래가·네이버 중층 매물로 교체하세요. 7번 행은 직접 입력하는 예시 행입니다.
A5: 번호 | B5: 권역 | C5: 노선 | D5: 단지 / 기준 | E5: 전용(㎡) | F5: 매매가(억) | G5: 가격 근거 | H5: 신뢰도 | I5: 전세가율 | J5: 전세가(억) | K5: 갭(억) | L5: 공시가(억) | M5: 대출 가능(억) | N5: 취득세 등(억) | O5: 매수 비용(억) | P5: 필요 자기자본(억) | Q5: 자기자본 A 충족 | R5: 자기자본 B 충족 | S5: 자기자본 C 충족 | T5: 월 원리금(만원) | U5: 필요 연소득(억) | V5: 보유세 1년차(만원)
A6: 1 | B6: 문래 | C6: 2호선 문래 | D6: 문래동 대단지 (단지 미특정, 입력 필요) | E6: 84 | F6: 12.5 | G6: 추정: 사전 구간(11~14억) 중간값. 실거래 미확인 | H6: 낮음(추정) | I6: =JeonseRate -> 0.52 | J6: =F6*I6 -> 6.5 | K6: =F6-J6 -> 6 | L6: =F6*Gongsi -> 8.625 | M6: =MIN(LTV*F6,LOOKUP(F6,LoanLo,LoanCap)) -> 5 | N6: =F6*IF(F6<=6,0.01,IF(F6<=9,(F6*2/3-3)/100,0.03))*(1+EduAcq)+IF(E6>85,F6*NongAcqRate,0) -> 0.4125 | O6: =F6*LOOKUP(F6,FeeLo,FeeR)*(1+VAT)+EtcBuy -> 0.1025 | P6: =F6-M6+N6+O6 -> 8.015 | Q6: =IF(P6<=Eq1,"가능","부족 "&TEXT(P6-Eq1,"0.0")&"억") -> 가능 | R6: =IF(P6<=Eq2,"가능","부족 "&TEXT(P6-Eq2,"0.0")&"억") -> 가능 | S6: =IF(P6<=Eq3,"가능","부족 "&TEXT(P6-Eq3,"0.0")&"억") -> 가능 | T6: =-PMT(Rm,LoanYears*12,M6)*10000 -> 238.70765 | U6: =-PMT((Rate+Stress)/12,LoanYears*12,M6)*12/DSR -> 0.99795374 | V6: =SUMIFS(Sch_Total,Sch_Idx,A6,Sch_Scen,2,Sch_Year,1)*10000 -> 214.2
A7: 2 | B7: 신길 | C7: 5호선 신길 / 1호선 | D7: 신길삼성래미안 84㎡ | E7: 84 | F7: 13 | G7: 2026.6월 실거래 13억 (네이트뉴스 보도) | H7: 중(뉴스 보도) | I7: =JeonseRate -> 0.52 | J7: =F7*I7 -> 6.76 | K7: =F7-J7 -> 6.24 | L7: =F7*Gongsi -> 8.97 | M7: =MIN(LTV*F7,LOOKUP(F7,LoanLo,LoanCap)) -> 5.2 | N7: =F7*IF(F7<=6,0.01,IF(F7<=9,(F7*2/3-3)/100,0.03))*(1+EduAcq)+IF(E7>85,F7*NongAcqRate,0) -> 0.429 | O7: =F7*LOOKUP(F7,FeeLo,FeeR)*(1+VAT)+EtcBuy -> 0.1058 | P7: =F7-M7+N7+O7 -> 8.3348 | Q7: =IF(P7<=Eq1,"가능","부족 "&TEXT(P7-Eq1,"0.0")&"억") -> 가능 | R7: =IF(P7<=Eq2,"가능","부족 "&TEXT(P7-Eq2,"0.0")&"억") -> 가능 | S7: =IF(P7<=Eq3,"가능","부족 "&TEXT(P7-Eq3,"0.0")&"억") -> 가능 | T7: =-PMT(Rm,LoanYears*12,M7)*10000 -> 248.25595 | U7: =-PMT((Rate+Stress)/12,LoanYears*12,M7)*12/DSR -> 1.0378719 | V7: =SUMIFS(Sch_Total,Sch_Idx,A7,Sch_Scen,2,Sch_Year,1)*10000 -> 225.792
A8: 3 | B8: 신길 | C8: 5호선 신길 / 1호선 | D8: 신길 래미안에스티움 84㎡ | E8: 84 | F8: 18.8 | G8: 2026.5.26 2층 18.8억 실거래 보도, 84㎡ 평균 18.66억. 중층 이상은 더 높을 수 있음(7월 18층 20.1억 거래 보도는 면적 미확인) | H8: 중(뉴스 보도) | I8: =JeonseRate -> 0.52 | J8: =F8*I8 -> 9.776 | K8: =F8-J8 -> 9.024 | L8: =F8*Gongsi -> 12.972 | M8: =MIN(LTV*F8,LOOKUP(F8,LoanLo,LoanCap)) -> 4 | N8: =F8*IF(F8<=6,0.01,IF(F8<=9,(F8*2/3-3)/100,0.03))*(1+EduAcq)+IF(E8>85,F8*NongAcqRate,0) -> 0.6204 | O8: =F8*LOOKUP(F8,FeeLo,FeeR)*(1+VAT)+EtcBuy -> 0.16476 | P8: =F8-M8+N8+O8 -> 15.58516 | Q8: =IF(P8<=Eq1,"가능","부족 "&TEXT(P8-Eq1,"0.0")&"억") -> 부족 3.6억 | R8: =IF(P8<=Eq2,"가능","부족 "&TEXT(P8-Eq2,"0.0")&"억") -> 부족 1.6억 | S8: =IF(P8<=Eq3,"가능","부족 "&TEXT(P8-Eq3,"0.0")&"억") -> 가능 | T8: =-PMT(Rm,LoanYears*12,M8)*10000 -> 190.96612 | U8: =-PMT((Rate+Stress)/12,LoanYears*12,M8)*12/DSR -> 0.79836299 | V8: =SUMIFS(Sch_Total,Sch_Idx,A8,Sch_Scen,2,Sch_Year,1)*10000 -> 441.9504
A9: 4 | B9: 신길 | C9: 5호선 신길 / 1호선 | D9: 신길 보라매SK뷰 84.98㎡ | E9: 84.98 | F9: 20.4 | G9: 2026.9.1 18층 20.4억, 2026.10.6 27층 20.9억 실거래 (시세 사이트) | H9: 중(시세 사이트) | I9: =JeonseRate -> 0.52 | J9: =F9*I9 -> 10.608 | K9: =F9-J9 -> 9.792 | L9: =F9*Gongsi -> 14.076 | M9: =MIN(LTV*F9,LOOKUP(F9,LoanLo,LoanCap)) -> 4 | N9: =F9*IF(F9<=6,0.01,IF(F9<=9,(F9*2/3-3)/100,0.03))*(1+EduAcq)+IF(E9>85,F9*NongAcqRate,0) -> 0.6732 | O9: =F9*LOOKUP(F9,FeeLo,FeeR)*(1+VAT)+EtcBuy -> 0.17708 | P9: =F9-M9+N9+O9 -> 17.25028 | Q9: =IF(P9<=Eq1,"가능","부족 "&TEXT(P9-Eq1,"0.0")&"억") -> 부족 5.3억 | R9: =IF(P9<=Eq2,"가능","부족 "&TEXT(P9-Eq2,"0.0")&"억") -> 부족 3.3억 | S9: =IF(P9<=Eq3,"가능","부족 "&TEXT(P9-Eq3,"0.0")&"억") -> 부족 1.3억 | T9: =-PMT(Rm,LoanYears*12,M9)*10000 -> 190.96612 | U9: =-PMT((Rate+Stress)/12,LoanYears*12,M9)*12/DSR -> 0.79836299 | V9: =SUMIFS(Sch_Total,Sch_Idx,A9,Sch_Scen,2,Sch_Year,1)*10000 -> 522.7632
A10: 5 | B10: 노량진(본동) | C10: 1·9호선 노량진 인근 | D10: 본동 래미안트윈파크 (32평형) | E10: 84 | F10: 24.2 | G10: 리치고 2026.9.3 시세 32평형 24.2억(AI 추정 성격, 호갱노노 수치와 상충). 노량진뉴타운 신규 분양가는 84㎡ 약 25.5억 | H10: 낮음(자료 상충) | I10: =JeonseRate -> 0.52 | J10: =F10*I10 -> 12.584 | K10: =F10-J10 -> 11.616 | L10: =F10*Gongsi -> 16.698 | M10: =MIN(LTV*F10,LOOKUP(F10,LoanLo,LoanCap)) -> 4 | N10: =F10*IF(F10<=6,0.01,IF(F10<=9,(F10*2/3-3)/100,0.03))*(1+EduAcq)+IF(E10>85,F10*NongAcqRate,0) -> 0.7986 | O10: =F10*LOOKUP(F10,FeeLo,FeeR)*(1+VAT)+EtcBuy -> 0.20634 | P10: =F10-M10+N10+O10 -> 21.20494 | Q10: =IF(P10<=Eq1,"가능","부족 "&TEXT(P10-Eq1,"0.0")&"억") -> 부족 9.2억 | R10: =IF(P10<=Eq2,"가능","부족 "&TEXT(P10-Eq2,"0.0")&"억") -> 부족 7.2억 | S10: =IF(P10<=Eq3,"가능","부족 "&TEXT(P10-Eq3,"0.0")&"억") -> 부족 5.2억 | T10: =-PMT(Rm,LoanYears*12,M10)*10000 -> 190.96612 | U10: =-PMT((Rate+Stress)/12,LoanYears*12,M10)*12/DSR -> 0.79836299 | V10: =SUMIFS(Sch_Total,Sch_Idx,A10,Sch_Scen,2,Sch_Year,1)*10000 -> 714.6936
A11: 6 | B11: 흑석 | C11: 9호선 흑석 | D11: 흑석 아크로리버하임 84.75㎡ | E11: 84.75 | F11: 28.75 | G11: KB시세 일반가 28.75억(2026.9.11). 최근 실거래 25.1억(2025.10), 호가 29.5억~ | H11: 중(KB시세) | I11: =JeonseRate -> 0.52 | J11: =F11*I11 -> 14.95 | K11: =F11-J11 -> 13.8 | L11: =F11*Gongsi -> 19.8375 | M11: =MIN(LTV*F11,LOOKUP(F11,LoanLo,LoanCap)) -> 2 | N11: =F11*IF(F11<=6,0.01,IF(F11<=9,(F11*2/3-3)/100,0.03))*(1+EduAcq)+IF(E11>85,F11*NongAcqRate,0) -> 0.94875 | O11: =F11*LOOKUP(F11,FeeLo,FeeR)*(1+VAT)+EtcBuy -> 0.241375 | P11: =F11-M11+N11+O11 -> 27.940125 | Q11: =IF(P11<=Eq1,"가능","부족 "&TEXT(P11-Eq1,"0.0")&"억") -> 부족 15.9억 | R11: =IF(P11<=Eq2,"가능","부족 "&TEXT(P11-Eq2,"0.0")&"억") -> 부족 13.9억 | S11: =IF(P11<=Eq3,"가능","부족 "&TEXT(P11-Eq3,"0.0")&"억") -> 부족 11.9억 | T11: =-PMT(Rm,LoanYears*12,M11)*10000 -> 95.483059 | U11: =-PMT((Rate+Stress)/12,LoanYears*12,M11)*12/DSR -> 0.3991815 | V11: =SUMIFS(Sch_Total,Sch_Idx,A11,Sch_Scen,2,Sch_Year,1)*10000 -> 985.365
A12: 7 | B12: (사용자 입력) | C12: (입력) | D12: 예시 행: 직접 입력 | E12: 84 | F12: 14 | G12: 예시값입니다. 실제 단지로 바꿔 쓰세요 | H12: 예시 | I12: =JeonseRate -> 0.52 | J12: =F12*I12 -> 7.28 | K12: =F12-J12 -> 6.72 | L12: =F12*Gongsi -> 9.66 | M12: =MIN(LTV*F12,LOOKUP(F12,LoanLo,LoanCap)) -> 5.6 | N12: =F12*IF(F12<=6,0.01,IF(F12<=9,(F12*2/3-3)/100,0.03))*(1+EduAcq)+IF(E12>85,F12*NongAcqRate,0) -> 0.462 | O12: =F12*LOOKUP(F12,FeeLo,FeeR)*(1+VAT)+EtcBuy -> 0.1124 | P12: =F12-M12+N12+O12 -> 8.9744 | Q12: =IF(P12<=Eq1,"가능","부족 "&TEXT(P12-Eq1,"0.0")&"억") -> 가능 | R12: =IF(P12<=Eq2,"가능","부족 "&TEXT(P12-Eq2,"0.0")&"억") -> 가능 | S12: =IF(P12<=Eq3,"가능","부족 "&TEXT(P12-Eq3,"0.0")&"억") -> 가능 | T12: =-PMT(Rm,LoanYears*12,M12)*10000 -> 267.35257 | U12: =-PMT((Rate+Stress)/12,LoanYears*12,M12)*12/DSR -> 1.1177082 | V12: =SUMIFS(Sch_Total,Sch_Idx,A12,Sch_Scen,2,Sch_Year,1)*10000 -> 283.752

Sheet 시뮬레이션
A1: 3단계 시뮬레이션 – 취득 → 보유 → 양도, 손익 (억 원)
A2: 순이익 = 시세차익 − 취득세 − 매수비용 − 매도중개 − 대출이자 − 보유세 누계 − 양도세. 양도차익에서는 취득세·중개 등을 필요경비로 공제. 주거비 절감·임대수익은 미반영.
A4: 단지번호 | B4: 단지 | C4: 시나리오 | D4: 상승률 | E4: 보유(년) | F4: 거주(년) | G4: 매수가 | H4: ① 취득세 등 | I4: 매수비용 | J4: 대출 | K4: 투자금(자기자본+비용) | L4: 매도가 | M4: 매도 중개 | N4: 대출이자 누계 | O4: 대출 잔액 | P4: ② 보유세 누계 | Q4: 필요경비 | R4: 양도차익 | S4: 과세대상 차익 | T4: 장특공 공제율 | U4: 양도소득금액 | V4: 과세표준 | W4: ③ 양도세(지방세 포함) | X4: 세금 합계(①+②+③) | Y4: 세후 순이익 | Z4: 투자금 대비 수익률 | AA4: 연환산(단순) | AB4: 매도 후 회수금 | AC4: 회수율(배) | AD4: 예금 대안수익(세후) | AE4: 초과수익(순이익−대안)
A5: 1 | B5: =INDEX(C_Name,A5) -> 문래동 대단지 (단지 미특정, 입력 필요) | C5: 1 | D5: =CHOOSE(C5,G1,G2,G3) -> 0.02 | E5: 3 | F5: =MAX(0,E5-NonRes) -> 3 | G5: =INDEX(C_Price,A5) -> 12.5 | H5: =INDEX(C_Acq,A5) -> 0.4125 | I5: =INDEX(C_Fee,A5) -> 0.1025 | J5: =INDEX(C_Loan,A5) -> 5 | K5: =G5-J5+H5+I5 -> 8.015 | L5: =G5*(1+D5)^E5 -> 13.2651 | M5: =L5*LOOKUP(L5,FeeLo,FeeR)*(1+VAT) -> 0.08754966 | N5: =-CUMIPMT(Rm,LoanYears*12,J5,1,E5*12,0) -> 0.58428381 | O5: =J5*(1+Rm)^(E5*12)-(J5*Rm/(1-(1+Rm)^(-LoanYears*12)))*((1+Rm)^(E5*12)-1)/Rm -> 4.7249363 | P5: =SUMIFS(Sch_Total,Sch_Idx,A5,Sch_Scen,C5,Sch_Year,"<="&E5) -> 0.066010392 | Q5: =H5+I5+M5 -> 0.60254966 | R5: =L5-G5-Q5 -> 0.16255034 | S5: =MAX(0,IF(F5>=2,IF(L5>Exempt,R5*(L5-Exempt)/L5,0),R5)) -> 0.015502517 | T5: =IF(F5>=2,MIN(MaxDed,MIN(0.4,HoldRate*E5)+MIN(0.4,LiveRate*F5)),IF(E5>=3,MIN(0.3,0.02*E5),0)) -> 0.24 | U5: =S5*(1-T5) -> 0.011781913 | V5: =MAX(0,U5-InitDed) -> 0 | W5: =SUMPRODUCT((V5>CLo)*(V5-CLo)*CD)*(1+LocalTax) -> 0 | X5: =H5+P5+W5 -> 0.47851039 | Y5: =(L5-G5)-H5-I5-M5-N5-P5-W5 -> -0.48774386 | Z5: =Y5/K5 -> -0.060853882 | AA5: =IF(1+Z5>0,(1+Z5)^(1/E5)-1,-1) -> -0.020710595 | AB5: =L5-O5-M5-W5 -> 8.4526141 | AC5: =AB5/K5 -> 1.0545994 | AD5: =K5*((1+DepRate*(1-DepTax))^E5-1) -> 0.62588158 | AE5: =Y5-AD5 -> -1.1136254
A6: 1 | B6: =INDEX(C_Name,A6) -> 문래동 대단지 (단지 미특정, 입력 필요) | C6: 1 | D6: =CHOOSE(C6,G1,G2,G3) -> 0.02 | E6: 5 | F6: =MAX(0,E6-NonRes) -> 5 | G6: =INDEX(C_Price,A6) -> 12.5 | H6: =INDEX(C_Acq,A6) -> 0.4125 | I6: =INDEX(C_Fee,A6) -> 0.1025 | J6: =INDEX(C_Loan,A6) -> 5 | K6: =G6-J6+H6+I6 -> 8.015 | L6: =G6*(1+D6)^E6 -> 13.80101 | M6: =L6*LOOKUP(L6,FeeLo,FeeR)*(1+VAT) -> 0.091086666 | N6: =-CUMIPMT(Rm,LoanYears*12,J6,1,E6*12,0) -> 0.95462154 | O6: =J6*(1+Rm)^(E6*12)-(J6*Rm/(1-(1+Rm)^(-LoanYears*12)))*((1+Rm)^(E6*12)-1)/Rm -> 4.5223757 | P6: =SUMIFS(Sch_Total,Sch_Idx,A6,Sch_Scen,C6,Sch_Year,"<="&E6) -> 0.11966909 | Q6: =H6+I6+M6 -> 0.60608667 | R6: =L6-G6-Q6 -> 0.69492337 | S6: =MAX(0,IF(F6>=2,IF(L6>Exempt,R6*(L6-Exempt)/L6,0),R6)) -> 0.090686404 | T6: =IF(F6>=2,MIN(MaxDed,MIN(0.4,HoldRate*E6)+MIN(0.4,LiveRate*F6)),IF(E6>=3,MIN(0.3,0.02*E6),0)) -> 0.4 | U6: =S6*(1-T6) -> 0.054411842 | V6: =MAX(0,U6-InitDed) -> 0.029411842 | W6: =SUMPRODUCT((V6>CLo)*(V6-CLo)*CD)*(1+LocalTax) -> 0.0019411816 | X6: =H6+P6+W6 -> 0.53411027 | Y6: =(L6-G6)-H6-I6-M6-N6-P6-W6 -> -0.38130844 | Z6: =Y6/K6 -> -0.047574353 | AA6: =IF(1+Z6>0,(1+Z6)^(1/E6)-1,-1) -> -0.0097012831 | AB6: =L6-O6-M6-W6 -> 9.1856065 | AC6: =AB6/K6 -> 1.146052 | AD6: =K6*((1+DepRate*(1-DepTax))^E6-1) -> 1.0700587 | AE6: =Y6-AD6 -> -1.4513671
A7: 1 | B7: =INDEX(C_Name,A7) -> 문래동 대단지 (단지 미특정, 입력 필요) | C7: 1 | D7: =CHOOSE(C7,G1,G2,G3) -> 0.02 | E7: 7 | F7: =MAX(0,E7-NonRes) -> 7 | G7: =INDEX(C_Price,A7) -> 12.5 | H7: =INDEX(C_Acq,A7) -> 0.4125 | I7: =INDEX(C_Fee,A7) -> 0.1025 | J7: =INDEX(C_Loan,A7) -> 5 | K7: =G7-J7+H7+I7 -> 8.015 | L7: =G7*(1+D7)^E7 -> 14.358571 | M7: =L7*LOOKUP(L7,FeeLo,FeeR)*(1+VAT) -> 0.094766568 | N7: =-CUMIPMT(Rm,LoanYears*12,J7,1,E7*12,0) -> 1.3081178 | O7: =J7*(1+Rm)^(E7*12)-(J7*Rm/(1-(1+Rm)^(-LoanYears*12)))*((1+Rm)^(E7*12)-1)/Rm -> 4.3029735 | P7: =SUMIFS(Sch_Total,Sch_Idx,A7,Sch_Scen,C7,Sch_Year,"<="&E7) -> 0.17610644 | Q7: =H7+I7+M7 -> 0.60976657 | R7: =L7-G7-Q7 -> 1.2488043 | S7: =MAX(0,IF(F7>=2,IF(L7>Exempt,R7*(L7-Exempt)/L7,0),R7)) -> 0.20513137 | T7: =IF(F7>=2,MIN(MaxDed,MIN(0.4,HoldRate*E7)+MIN(0.4,LiveRate*F7)),IF(E7>=3,MIN(0.3,0.02*E7),0)) -> 0.56 | U7: =S7*(1-T7) -> 0.090257804 | V7: =MAX(0,U7-InitDed) -> 0.065257804 | W7: =SUMPRODUCT((V7>CLo)*(V7-CLo)*CD)*(1+LocalTax) -> 0.0043070151 | X7: =H7+P7+W7 -> 0.59291346 | Y7: =(L7-G7)-H7-I7-M7-N7-P7-W7 -> -0.23972696 | Z7: =Y7/K7 -> -0.02990979 | AA7: =IF(1+Z7>0,(1+Z7)^(1/E7)-1,-1) -> -0.0043286345 | AB7: =L7-O7-M7-W7 -> 9.9565237 | AC7: =AB7/K7 -> 1.2422363 | AD7: =K7*((1+DepRate*(1-DepTax))^E7-1) -> 1.5370684 | AE7: =Y7-AD7 -> -1.7767953
A8: 1 | B8: =INDEX(C_Name,A8) -> 문래동 대단지 (단지 미특정, 입력 필요) | C8: 1 | D8: =CHOOSE(C8,G1,G2,G3) -> 0.02 | E8: 10 | F8: =MAX(0,E8-NonRes) -> 10 | G8: =INDEX(C_Price,A8) -> 12.5 | H8: =INDEX(C_Acq,A8) -> 0.4125 | I8: =INDEX(C_Fee,A8) -> 0.1025 | J8: =INDEX(C_Loan,A8) -> 5 | K8: =G8-J8+H8+I8 -> 8.015 | L8: =G8*(1+D8)^E8 -> 15.23743 | M8: =L8*LOOKUP(L8,FeeLo,FeeR)*(1+VAT) -> 0.11732821 | N8: =-CUMIPMT(Rm,LoanYears*12,J8,1,E8*12,0) -> 1.8036897 | O8: =J8*(1+Rm)^(E8*12)-(J8*Rm/(1-(1+Rm)^(-LoanYears*12)))*((1+Rm)^(E8*12)-1)/Rm -> 3.939198 | P8: =SUMIFS(Sch_Total,Sch_Idx,A8,Sch_Scen,C8,Sch_Year,"<="&E8) -> 0.26621926 | Q8: =H8+I8+M8 -> 0.63232821 | R8: =L8-G8-Q8 -> 2.105102 | S8: =MAX(0,IF(F8>=2,IF(L8>Exempt,R8*(L8-Exempt)/L8,0),R8)) -> 0.44726183 | T8: =IF(F8>=2,MIN(MaxDed,MIN(0.4,HoldRate*E8)+MIN(0.4,LiveRate*F8)),IF(E8>=3,MIN(0.3,0.02*E8),0)) -> 0.8 | U8: =S8*(1-T8) -> 0.089452367 | V8: =MAX(0,U8-InitDed) -> 0.064452367 | W8: =SUMPRODUCT((V8>CLo)*(V8-CLo)*CD)*(1+LocalTax) -> 0.0042538562 | X8: =H8+P8+W8 -> 0.68297311 | Y8: =(L8-G8)-H8-I8-M8-N8-P8-W8 -> 0.030939191 | Z8: =Y8/K8 -> 0.0038601611 | AA8: =IF(1+Z8>0,(1+Z8)^(1/E8)-1,-1) -> 0.00038534721 | AB8: =L8-O8-M8-W8 -> 11.17665 | AC8: =AB8/K8 -> 1.3944667 | AD8: =K8*((1+DepRate*(1-DepTax))^E8-1) -> 2.2829778 | AE8: =Y8-AD8 -> -2.2520386
A9: 1 | B9: =INDEX(C_Name,A9) -> 문래동 대단지 (단지 미특정, 입력 필요) | C9: 2 | D9: =CHOOSE(C9,G1,G2,G3) -> 0.04 | E9: 3 | F9: =MAX(0,E9-NonRes) -> 3 | G9: =INDEX(C_Price,A9) -> 12.5 | H9: =INDEX(C_Acq,A9) -> 0.4125 | I9: =INDEX(C_Fee,A9) -> 0.1025 | J9: =INDEX(C_Loan,A9) -> 5 | K9: =G9-J9+H9+I9 -> 8.015 | L9: =G9*(1+D9)^E9 -> 14.0608 | M9: =L9*LOOKUP(L9,FeeLo,FeeR)*(1+VAT) -> 0.09280128 | N9: =-CUMIPMT(Rm,LoanYears*12,J9,1,E9*12,0) -> 0.58428381 | O9: =J9*(1+Rm)^(E9*12)-(J9*Rm/(1-(1+Rm)^(-LoanYears*12)))*((1+Rm)^(E9*12)-1)/Rm -> 4.7249363 | P9: =SUMIFS(Sch_Total,Sch_Idx,A9,Sch_Scen,C9,Sch_Year,"<="&E9) -> 0.071142336 | Q9: =H9+I9+M9 -> 0.60780128 | R9: =L9-G9-Q9 -> 0.95299872 | S9: =MAX(0,IF(F9>=2,IF(L9>Exempt,R9*(L9-Exempt)/L9,0),R9)) -> 0.13967482 | T9: =IF(F9>=2,MIN(MaxDed,MIN(0.4,HoldRate*E9)+MIN(0.4,LiveRate*F9)),IF(E9>=3,MIN(0.3,0.02*E9),0)) -> 0.24 | U9: =S9*(1-T9) -> 0.10615287 | V9: =MAX(0,U9-InitDed) -> 0.081152866 | W9: =SUMPRODUCT((V9>CLo)*(V9-CLo)*CD)*(1+LocalTax) -> 0.0053560892 | X9: =H9+P9+W9 -> 0.48899843 | Y9: =(L9-G9)-H9-I9-M9-N9-P9-W9 -> 0.29221648 | Z9: =Y9/K9 -> 0.0364587 | AA9: =IF(1+Z9>0,(1+Z9)^(1/E9)-1,-1) -> 0.012008128 | AB9: =L9-O9-M9-W9 -> 9.2377064 | AC9: =AB9/K9 -> 1.1525523 | AD9: =K9*((1+DepRate*(1-DepTax))^E9-1) -> 0.62588158 | AE9: =Y9-AD9 -> -0.3336651
A10: 1 | B10: =INDEX(C_Name,A10) -> 문래동 대단지 (단지 미특정, 입력 필요) | C10: 2 | D10: =CHOOSE(C10,G1,G2,G3) -> 0.04 | E10: 5 | F10: =MAX(0,E10-NonRes) -> 5 | G10: =INDEX(C_Price,A10) -> 12.5 | H10: =INDEX(C_Acq,A10) -> 0.4125 | I10: =INDEX(C_Fee,A10) -> 0.1025 | J10: =INDEX(C_Loan,A10) -> 5 | K10: =G10-J10+H10+I10 -> 8.015 | L10: =G10*(1+D10)^E10 -> 15.208161 | M10: =L10*LOOKUP(L10,FeeLo,FeeR)*(1+VAT) -> 0.11710284 | N10: =-CUMIPMT(Rm,LoanYears*12,J10,1,E10*12,0) -> 0.95462154 | O10: =J10*(1+Rm)^(E10*12)-(J10*Rm/(1-(1+Rm)^(-LoanYears*12)))*((1+Rm)^(E10*12)-1)/Rm -> 4.5223757 | P10: =SUMIFS(Sch_Total,Sch_Idx,A10,Sch_Scen,C10,Sch_Year,"<="&E10) -> 0.12964851 | Q10: =H10+I10+M10 -> 0.63210284 | R10: =L10-G10-Q10 -> 2.0760584 | S10: =MAX(0,IF(F10>=2,IF(L10>Exempt,R10*(L10-Exempt)/L10,0),R10)) -> 0.43794448 | T10: =IF(F10>=2,MIN(MaxDed,MIN(0.4,HoldRate*E10)+MIN(0.4,LiveRate*F10)),IF(E10>=3,MIN(0.3,0.02*E10),0)) -> 0.4 | U10: =S10*(1-T10) -> 0.26276669 | V10: =MAX(0,U10-InitDed) -> 0.23776669 | W10: =SUMPRODUCT((V10>CLo)*(V10-CLo)*CD)*(1+LocalTax) -> 0.025371504 | X10: =H10+P10+W10 -> 0.56752001 | Y10: =(L10-G10)-H10-I10-M10-N10-P10-W10 -> 0.96641688 | Z10: =Y10/K10 -> 0.12057603 | AA10: =IF(1+Z10>0,(1+Z10)^(1/E10)-1,-1) -> 0.023029756 | AB10: =L10-O10-M10-W10 -> 10.543311 | AC10: =AB10/K10 -> 1.3154474 | AD10: =K10*((1+DepRate*(1-DepTax))^E10-1) -> 1.0700587 | AE10: =Y10-AD10 -> -0.10364183
A11: 1 | B11: =INDEX(C_Name,A11) -> 문래동 대단지 (단지 미특정, 입력 필요) | C11: 2 | D11: =CHOOSE(C11,G1,G2,G3) -> 0.04 | E11: 7 | F11: =MAX(0,E11-NonRes) -> 7 | G11: =INDEX(C_Price,A11) -> 12.5 | H11: =INDEX(C_Acq,A11) -> 0.4125 | I11: =INDEX(C_Fee,A11) -> 0.1025 | J11: =INDEX(C_Loan,A11) -> 5 | K11: =G11-J11+H11+I11 -> 8.015 | L11: =G11*(1+D11)^E11 -> 16.449147 | M11: =L11*LOOKUP(L11,FeeLo,FeeR)*(1+VAT) -> 0.12665843 | N11: =-CUMIPMT(Rm,LoanYears*12,J11,1,E11*12,0) -> 1.3081178 | O11: =J11*(1+Rm)^(E11*12)-(J11*Rm/(1-(1+Rm)^(-LoanYears*12)))*((1+Rm)^(E11*12)-1)/Rm -> 4.3029735 | P11: =SUMIFS(Sch_Total,Sch_Idx,A11,Sch_Scen,C11,Sch_Year,"<="&E11) -> 0.19416258 | Q11: =H11+I11+M11 -> 0.64165843 | R11: =L11-G11-Q11 -> 3.3074888 | S11: =MAX(0,IF(F11>=2,IF(L11>Exempt,R11*(L11-Exempt)/L11,0),R11)) -> 0.89460593 | T11: =IF(F11>=2,MIN(MaxDed,MIN(0.4,HoldRate*E11)+MIN(0.4,LiveRate*F11)),IF(E11>=3,MIN(0.3,0.02*E11),0)) -> 0.56 | U11: =S11*(1-T11) -> 0.39362661 | V11: =MAX(0,U11-InitDed) -> 0.36862661 | W11: =SUMPRODUCT((V11>CLo)*(V11-CLo)*CD)*(1+LocalTax) -> 0.046963391 | X11: =H11+P11+W11 -> 0.65362597 | Y11: =(L11-G11)-H11-I11-M11-N11-P11-W11 -> 1.7582451 | Z11: =Y11/K11 -> 0.21936931 | AA11: =IF(1+Z11>0,(1+Z11)^(1/E11)-1,-1) -> 0.028738604 | AB11: =L11-O11-M11-W11 -> 11.972552 | AC11: =AB11/K11 -> 1.4937682 | AD11: =K11*((1+DepRate*(1-DepTax))^E11-1) -> 1.5370684 | AE11: =Y11-AD11 -> 0.22117667
A12: 1 | B12: =INDEX(C_Name,A12) -> 문래동 대단지 (단지 미특정, 입력 필요) | C12: 2 | D12: =CHOOSE(C12,G1,G2,G3) -> 0.04 | E12: 10 | F12: =MAX(0,E12-NonRes) -> 10 | G12: =INDEX(C_Price,A12) -> 12.5 | H12: =INDEX(C_Acq,A12) -> 0.4125 | I12: =INDEX(C_Fee,A12) -> 0.1025 | J12: =INDEX(C_Loan,A12) -> 5 | K12: =G12-J12+H12+I12 -> 8.015 | L12: =G12*(1+D12)^E12 -> 18.503054 | M12: =L12*LOOKUP(L12,FeeLo,FeeR)*(1+VAT) -> 0.14247351 | N12: =-CUMIPMT(Rm,LoanYears*12,J12,1,E12*12,0) -> 1.8036897 | O12: =J12*(1+Rm)^(E12*12)-(J12*Rm/(1-(1+Rm)^(-LoanYears*12)))*((1+Rm)^(E12*12)-1)/Rm -> 3.939198 | P12: =SUMIFS(Sch_Total,Sch_Idx,A12,Sch_Scen,C12,Sch_Year,"<="&E12) -> 0.30427558 | Q12: =H12+I12+M12 -> 0.65747351 | R12: =L12-G12-Q12 -> 5.34558 | S12: =MAX(0,IF(F12>=2,IF(L12>Exempt,R12*(L12-Exempt)/L12,0),R12)) -> 1.878749 | T12: =IF(F12>=2,MIN(MaxDed,MIN(0.4,HoldRate*E12)+MIN(0.4,LiveRate*F12)),IF(E12>=3,MIN(0.3,0.02*E12),0)) -> 0.8 | U12: =S12*(1-T12) -> 0.3757498 | V12: =MAX(0,U12-InitDed) -> 0.3507498 | W12: =SUMPRODUCT((V12>CLo)*(V12-CLo)*CD)*(1+LocalTax) -> 0.044013717 | X12: =H12+P12+W12 -> 0.7607893 | Y12: =(L12-G12)-H12-I12-M12-N12-P12-W12 -> 3.193601 | Z12: =Y12/K12 -> 0.39845303 | AA12: =IF(1+Z12>0,(1+Z12)^(1/E12)-1,-1) -> 0.034105358 | AB12: =L12-O12-M12-W12 -> 14.377368 | AC12: =AB12/K12 -> 1.7938077 | AD12: =K12*((1+DepRate*(1-DepTax))^E12-1) -> 2.2829778 | AE12: =Y12-AD12 -> 0.91062326
A13: 1 | B13: =INDEX(C_Name,A13) -> 문래동 대단지 (단지 미특정, 입력 필요) | C13: 3 | D13: =CHOOSE(C13,G1,G2,G3) -> 0.06 | E13: 3 | F13: =MAX(0,E13-NonRes) -> 3 | G13: =INDEX(C_Price,A13) -> 12.5 | H13: =INDEX(C_Acq,A13) -> 0.4125 | I13: =INDEX(C_Fee,A13) -> 0.1025 | J13: =INDEX(C_Loan,A13) -> 5 | K13: =G13-J13+H13+I13 -> 8.015 | L13: =G13*(1+D13)^E13 -> 14.8877 | M13: =L13*LOOKUP(L13,FeeLo,FeeR)*(1+VAT) -> 0.09825882 | N13: =-CUMIPMT(Rm,LoanYears*12,J13,1,E13*12,0) -> 0.58428381 | O13: =J13*(1+Rm)^(E13*12)-(J13*Rm/(1-(1+Rm)^(-LoanYears*12)))*((1+Rm)^(E13*12)-1)/Rm -> 4.7249363 | P13: =SUMIFS(Sch_Total,Sch_Idx,A13,Sch_Scen,C13,Sch_Year,"<="&E13) -> 0.076360806 | Q13: =H13+I13+M13 -> 0.61325882 | R13: =L13-G13-Q13 -> 1.7744412 | S13: =MAX(0,IF(F13>=2,IF(L13>Exempt,R13*(L13-Exempt)/L13,0),R13)) -> 0.34418035 | T13: =IF(F13>=2,MIN(MaxDed,MIN(0.4,HoldRate*E13)+MIN(0.4,LiveRate*F13)),IF(E13>=3,MIN(0.3,0.02*E13),0)) -> 0.24 | U13: =S13*(1-T13) -> 0.26157707 | V13: =MAX(0,U13-InitDed) -> 0.23657707 | W13: =SUMPRODUCT((V13>CLo)*(V13-CLo)*CD)*(1+LocalTax) -> 0.025175216 | X13: =H13+P13+W13 -> 0.51403602 | Y13: =(L13-G13)-H13-I13-M13-N13-P13-W13 -> 1.0886213 | Z13: =Y13/K13 -> 0.135823 | AA13: =IF(1+Z13>0,(1+Z13)^(1/E13)-1,-1) -> 0.043366495 | AB13: =L13-O13-M13-W13 -> 10.03933 | AC13: =AB13/K13 -> 1.2525676 | AD13: =K13*((1+DepRate*(1-DepTax))^E13-1) -> 0.62588158 | AE13: =Y13-AD13 -> 0.46273976
A14: 1 | B14: =INDEX(C_Name,A14) -> 문래동 대단지 (단지 미특정, 입력 필요) | C14: 3 | D14: =CHOOSE(C14,G1,G2,G3) -> 0.06 | E14: 5 | F14: =MAX(0,E14-NonRes) -> 5 | G14: =INDEX(C_Price,A14) -> 12.5 | H14: =INDEX(C_Acq,A14) -> 0.4125 | I14: =INDEX(C_Fee,A14) -> 0.1025 | J14: =INDEX(C_Loan,A14) -> 5 | K14: =G14-J14+H14+I14 -> 8.015 | L14: =G14*(1+D14)^E14 -> 16.72782 | M14: =L14*LOOKUP(L14,FeeLo,FeeR)*(1+VAT) -> 0.12880421 | N14: =-CUMIPMT(Rm,LoanYears*12,J14,1,E14*12,0) -> 0.95462154 | O14: =J14*(1+Rm)^(E14*12)-(J14*Rm/(1-(1+Rm)^(-LoanYears*12)))*((1+Rm)^(E14*12)-1)/Rm -> 4.5223757 | P14: =SUMIFS(Sch_Total,Sch_Idx,A14,Sch_Scen,C14,Sch_Year,"<="&E14) -> 0.13996113 | Q14: =H14+I14+M14 -> 0.64380421 | R14: =L14-G14-Q14 -> 3.5840155 | S14: =MAX(0,IF(F14>=2,IF(L14>Exempt,R14*(L14-Exempt)/L14,0),R14)) -> 1.012958 | T14: =IF(F14>=2,MIN(MaxDed,MIN(0.4,HoldRate*E14)+MIN(0.4,LiveRate*F14)),IF(E14>=3,MIN(0.3,0.02*E14),0)) -> 0.4 | U14: =S14*(1-T14) -> 0.60777481 | V14: =MAX(0,U14-InitDed) -> 0.58277481 | W14: =SUMPRODUCT((V14>CLo)*(V14-CLo)*CD)*(1+LocalTax) -> 0.090492551 | X14: =H14+P14+W14 -> 0.64295368 | Y14: =(L14-G14)-H14-I14-M14-N14-P14-W14 -> 2.3989403 | Z14: =Y14/K14 -> 0.29930634 | AA14: =IF(1+Z14>0,(1+Z14)^(1/E14)-1,-1) -> 0.053761461 | AB14: =L14-O14-M14-W14 -> 11.986147 | AC14: =AB14/K14 -> 1.4954644 | AD14: =K14*((1+DepRate*(1-DepTax))^E14-1) -> 1.0700587 | AE14: =Y14-AD14 -> 1.3288816
A15: 1 | B15: =INDEX(C_Name,A15) -> 문래동 대단지 (단지 미특정, 입력 필요) | C15: 3 | D15: =CHOOSE(C15,G1,G2,G3) -> 0.06 | E15: 7 | F15: =MAX(0,E15-NonRes) -> 7 | G15: =INDEX(C_Price,A15) -> 12.5 | H15: =INDEX(C_Acq,A15) -> 0.4125 | I15: =INDEX(C_Fee,A15) -> 0.1025 | J15: =INDEX(C_Loan,A15) -> 5 | K15: =G15-J15+H15+I15 -> 8.015 | L15: =G15*(1+D15)^E15 -> 18.795378 | M15: =L15*LOOKUP(L15,FeeLo,FeeR)*(1+VAT) -> 0.14472441 | N15: =-CUMIPMT(Rm,LoanYears*12,J15,1,E15*12,0) -> 1.3081178 | O15: =J15*(1+Rm)^(E15*12)-(J15*Rm/(1-(1+Rm)^(-LoanYears*12)))*((1+Rm)^(E15*12)-1)/Rm -> 4.3029735 | P15: =SUMIFS(Sch_Total,Sch_Idx,A15,Sch_Scen,C15,Sch_Year,"<="&E15) -> 0.2141363 | Q15: =H15+I15+M15 -> 0.65972441 | R15: =L15-G15-Q15 -> 5.6356538 | S15: =MAX(0,IF(F15>=2,IF(L15>Exempt,R15*(L15-Exempt)/L15,0),R15)) -> 2.0375434 | T15: =IF(F15>=2,MIN(MaxDed,MIN(0.4,HoldRate*E15)+MIN(0.4,LiveRate*F15)),IF(E15>=3,MIN(0.3,0.02*E15),0)) -> 0.56 | U15: =S15*(1-T15) -> 0.89651911 | V15: =MAX(0,U15-InitDed) -> 0.87151911 | W15: =SUMPRODUCT((V15>CLo)*(V15-CLo)*CD)*(1+LocalTax) -> 0.16672104 | X15: =H15+P15+W15 -> 0.79335734 | Y15: =(L15-G15)-H15-I15-M15-N15-P15-W15 -> 3.9466787 | Z15: =Y15/K15 -> 0.49241157 | AA15: =IF(1+Z15>0,(1+Z15)^(1/E15)-1,-1) -> 0.058866551 | AB15: =L15-O15-M15-W15 -> 14.180959 | AC15: =AB15/K15 -> 1.7693025 | AD15: =K15*((1+DepRate*(1-DepTax))^E15-1) -> 1.5370684 | AE15: =Y15-AD15 -> 2.4096103
A16: 1 | B16: =INDEX(C_Name,A16) -> 문래동 대단지 (단지 미특정, 입력 필요) | C16: 3 | D16: =CHOOSE(C16,G1,G2,G3) -> 0.06 | E16: 10 | F16: =MAX(0,E16-NonRes) -> 10 | G16: =INDEX(C_Price,A16) -> 12.5 | H16: =INDEX(C_Acq,A16) -> 0.4125 | I16: =INDEX(C_Fee,A16) -> 0.1025 | J16: =INDEX(C_Loan,A16) -> 5 | K16: =G16-J16+H16+I16 -> 8.015 | L16: =G16*(1+D16)^E16 -> 22.385596 | M16: =L16*LOOKUP(L16,FeeLo,FeeR)*(1+VAT) -> 0.17236909 | N16: =-CUMIPMT(Rm,LoanYears*12,J16,1,E16*12,0) -> 1.8036897 | O16: =J16*(1+Rm)^(E16*12)-(J16*Rm/(1-(1+Rm)^(-LoanYears*12)))*((1+Rm)^(E16*12)-1)/Rm -> 3.939198 | P16: =SUMIFS(Sch_Total,Sch_Idx,A16,Sch_Scen,C16,Sch_Year,"<="&E16) -> 0.36408085 | Q16: =H16+I16+M16 -> 0.68736909 | R16: =L16-G16-Q16 -> 9.1982271 | S16: =MAX(0,IF(F16>=2,IF(L16>Exempt,R16*(L16-Exempt)/L16,0),R16)) -> 4.2674348 | T16: =IF(F16>=2,MIN(MaxDed,MIN(0.4,HoldRate*E16)+MIN(0.4,LiveRate*F16)),IF(E16>=3,MIN(0.3,0.02*E16),0)) -> 0.8 | U16: =S16*(1-T16) -> 0.85348696 | V16: =MAX(0,U16-InitDed) -> 0.82848696 | W16: =SUMPRODUCT((V16>CLo)*(V16-CLo)*CD)*(1+LocalTax) -> 0.15536056 | X16: =H16+P16+W16 -> 0.93194141 | Y16: =(L16-G16)-H16-I16-M16-N16-P16-W16 -> 6.875096 | Z16: =Y16/K16 -> 0.85777866 | AA16: =IF(1+Z16>0,(1+Z16)^(1/E16)-1,-1) -> 0.063896541 | AB16: =L16-O16-M16-W16 -> 18.118669 | AC16: =AB16/K16 -> 2.260595 | AD16: =K16*((1+DepRate*(1-DepTax))^E16-1) -> 2.2829778 | AE16: =Y16-AD16 -> 4.5921182
A17: 2 | B17: =INDEX(C_Name,A17) -> 신길삼성래미안 84㎡ | C17: 1 | D17: =CHOOSE(C17,G1,G2,G3) -> 0.02 | E17: 3 | F17: =MAX(0,E17-NonRes) -> 3 | G17: =INDEX(C_Price,A17) -> 13 | H17: =INDEX(C_Acq,A17) -> 0.429 | I17: =INDEX(C_Fee,A17) -> 0.1058 | J17: =INDEX(C_Loan,A17) -> 5.2 | K17: =G17-J17+H17+I17 -> 8.3348 | L17: =G17*(1+D17)^E17 -> 13.795704 | M17: =L17*LOOKUP(L17,FeeLo,FeeR)*(1+VAT) -> 0.091051646 | N17: =-CUMIPMT(Rm,LoanYears*12,J17,1,E17*12,0) -> 0.60765516 | O17: =J17*(1+Rm)^(E17*12)-(J17*Rm/(1-(1+Rm)^(-LoanYears*12)))*((1+Rm)^(E17*12)-1)/Rm -> 4.9139337 | P17: =SUMIFS(Sch_Total,Sch_Idx,A17,Sch_Scen,C17,Sch_Year,"<="&E17) -> 0.076211451 | Q17: =H17+I17+M17 -> 0.62585165 | R17: =L17-G17-Q17 -> 0.16985235 | S17: =MAX(0,IF(F17>=2,IF(L17>Exempt,R17*(L17-Exempt)/L17,0),R17)) -> 0.022108662 | T17: =IF(F17>=2,MIN(MaxDed,MIN(0.4,HoldRate*E17)+MIN(0.4,LiveRate*F17)),IF(E17>=3,MIN(0.3,0.02*E17),0)) -> 0.24 | U17: =S17*(1-T17) -> 0.016802583 | V17: =MAX(0,U17-InitDed) -> 0 | W17: =SUMPRODUCT((V17>CLo)*(V17-CLo)*CD)*(1+LocalTax) -> 0 | X17: =H17+P17+W17 -> 0.50521145 | Y17: =(L17-G17)-H17-I17-M17-N17-P17-W17 -> -0.51401426 | Z17: =Y17/K17 -> -0.061670857 | AA17: =IF(1+Z17>0,(1+Z17)^(1/E17)-1,-1) -> -0.020994643 | AB17: =L17-O17-M17-W17 -> 8.7907186 | AC17: =AB17/K17 -> 1.0547006 | AD17: =K17*((1+DepRate*(1-DepTax))^E17-1) -> 0.65085438 | AE17: =Y17-AD17 -> -1.1648686
A18: 2 | B18: =INDEX(C_Name,A18) -> 신길삼성래미안 84㎡ | C18: 1 | D18: =CHOOSE(C18,G1,G2,G3) -> 0.02 | E18: 5 | F18: =MAX(0,E18-NonRes) -> 5 | G18: =INDEX(C_Price,A18) -> 13 | H18: =INDEX(C_Acq,A18) -> 0.429 | I18: =INDEX(C_Fee,A18) -> 0.1058 | J18: =INDEX(C_Loan,A18) -> 5.2 | K18: =G18-J18+H18+I18 -> 8.3348 | L18: =G18*(1+D18)^E18 -> 14.35305 | M18: =L18*LOOKUP(L18,FeeLo,FeeR)*(1+VAT) -> 0.094730133 | N18: =-CUMIPMT(Rm,LoanYears*12,J18,1,E18*12,0) -> 0.9928064 | O18: =J18*(1+Rm)^(E18*12)-(J18*Rm/(1-(1+Rm)^(-LoanYears*12)))*((1+Rm)^(E18*12)-1)/Rm -> 4.7032707 | P18: =SUMIFS(Sch_Total,Sch_Idx,A18,Sch_Scen,C18,Sch_Year,"<="&E18) -> 0.13262129 | Q18: =H18+I18+M18 -> 0.62953013 | R18: =L18-G18-Q18 -> 0.72352031 | S18: =MAX(0,IF(F18>=2,IF(L18>Exempt,R18*(L18-Exempt)/L18,0),R18)) -> 0.11861449 | T18: =IF(F18>=2,MIN(MaxDed,MIN(0.4,HoldRate*E18)+MIN(0.4,LiveRate*F18)),IF(E18>=3,MIN(0.3,0.02*E18),0)) -> 0.4 | U18: =S18*(1-T18) -> 0.071168695 | V18: =MAX(0,U18-InitDed) -> 0.046168695 | W18: =SUMPRODUCT((V18>CLo)*(V18-CLo)*CD)*(1+LocalTax) -> 0.0030471339 | X18: =H18+P18+W18 -> 0.56466843 | Y18: =(L18-G18)-H18-I18-M18-N18-P18-W18 -> -0.40495452 | Z18: =Y18/K18 -> -0.048585992 | AA18: =IF(1+Z18>0,(1+Z18)^(1/E18)-1,-1) -> -0.0099117459 | AB18: =L18-O18-M18-W18 -> 9.5520025 | AC18: =AB18/K18 -> 1.1460386 | AD18: =K18*((1+DepRate*(1-DepTax))^E18-1) -> 1.1127543 | AE18: =Y18-AD18 -> -1.5177088
A19: 2 | B19: =INDEX(C_Name,A19) -> 신길삼성래미안 84㎡ | C19: 1 | D19: =CHOOSE(C19,G1,G2,G3) -> 0.02 | E19: 7 | F19: =MAX(0,E19-NonRes) -> 7 | G19: =INDEX(C_Price,A19) -> 13 | H19: =INDEX(C_Acq,A19) -> 0.429 | I19: =INDEX(C_Fee,A19) -> 0.1058 | J19: =INDEX(C_Loan,A19) -> 5.2 | K19: =G19-J19+H19+I19 -> 8.3348 | L19: =G19*(1+D19)^E19 -> 14.932914 | M19: =L19*LOOKUP(L19,FeeLo,FeeR)*(1+VAT) -> 0.09855723 | N19: =-CUMIPMT(Rm,LoanYears*12,J19,1,E19*12,0) -> 1.3604425 | O19: =J19*(1+Rm)^(E19*12)-(J19*Rm/(1-(1+Rm)^(-LoanYears*12)))*((1+Rm)^(E19*12)-1)/Rm -> 4.4750925 | P19: =SUMIFS(Sch_Total,Sch_Idx,A19,Sch_Scen,C19,Sch_Year,"<="&E19) -> 0.19192094 | Q19: =H19+I19+M19 -> 0.63335723 | R19: =L19-G19-Q19 -> 1.2995564 | S19: =MAX(0,IF(F19>=2,IF(L19>Exempt,R19*(L19-Exempt)/L19,0),R19)) -> 0.25524067 | T19: =IF(F19>=2,MIN(MaxDed,MIN(0.4,HoldRate*E19)+MIN(0.4,LiveRate*F19)),IF(E19>=3,MIN(0.3,0.02*E19),0)) -> 0.56 | U19: =S19*(1-T19) -> 0.11230589 | V19: =MAX(0,U19-InitDed) -> 0.087305895 | W19: =SUMPRODUCT((V19>CLo)*(V19-CLo)*CD)*(1+LocalTax) -> 0.005762189 | X19: =H19+P19+W19 -> 0.62668313 | Y19: =(L19-G19)-H19-I19-M19-N19-P19-W19 -> -0.25856918 | Z19: =Y19/K19 -> -0.031022841 | AA19: =IF(1+Z19>0,(1+Z19)^(1/E19)-1,-1) -> -0.0044919153 | AB19: =L19-O19-M19-W19 -> 10.353502 | AC19: =AB19/K19 -> 1.2422016 | AD19: =K19*((1+DepRate*(1-DepTax))^E19-1) -> 1.5983977 | AE19: =Y19-AD19 -> -1.8569669
A20: 2 | B20: =INDEX(C_Name,A20) -> 신길삼성래미안 84㎡ | C20: 1 | D20: =CHOOSE(C20,G1,G2,G3) -> 0.02 | E20: 10 | F20: =MAX(0,E20-NonRes) -> 10 | G20: =INDEX(C_Price,A20) -> 13 | H20: =INDEX(C_Acq,A20) -> 0.429 | I20: =INDEX(C_Fee,A20) -> 0.1058 | J20: =INDEX(C_Loan,A20) -> 5.2 | K20: =G20-J20+H20+I20 -> 8.3348 | L20: =G20*(1+D20)^E20 -> 15.846927 | M20: =L20*LOOKUP(L20,FeeLo,FeeR)*(1+VAT) -> 0.12202134 | N20: =-CUMIPMT(Rm,LoanYears*12,J20,1,E20*12,0) -> 1.8758373 | O20: =J20*(1+Rm)^(E20*12)-(J20*Rm/(1-(1+Rm)^(-LoanYears*12)))*((1+Rm)^(E20*12)-1)/Rm -> 4.0967659 | P20: =SUMIFS(Sch_Total,Sch_Idx,A20,Sch_Scen,C20,Sch_Year,"<="&E20) -> 0.28654547 | Q20: =H20+I20+M20 -> 0.65682134 | R20: =L20-G20-Q20 -> 2.1901061 | S20: =MAX(0,IF(F20>=2,IF(L20>Exempt,R20*(L20-Exempt)/L20,0),R20)) -> 0.53166012 | T20: =IF(F20>=2,MIN(MaxDed,MIN(0.4,HoldRate*E20)+MIN(0.4,LiveRate*F20)),IF(E20>=3,MIN(0.3,0.02*E20),0)) -> 0.8 | U20: =S20*(1-T20) -> 0.10633202 | V20: =MAX(0,U20-InitDed) -> 0.081332024 | W20: =SUMPRODUCT((V20>CLo)*(V20-CLo)*CD)*(1+LocalTax) -> 0.0053679136 | X20: =H20+P20+W20 -> 0.72091338 | Y20: =(L20-G20)-H20-I20-M20-N20-P20-W20 -> 0.022355412 | Z20: =Y20/K20 -> 0.0026821774 | AA20: =IF(1+Z20>0,(1+Z20)^(1/E20)-1,-1) -> 0.00026789455 | AB20: =L20-O20-M20-W20 -> 11.622772 | AC20: =AB20/K20 -> 1.3944872 | AD20: =K20*((1+DepRate*(1-DepTax))^E20-1) -> 2.374069 | AE20: =Y20-AD20 -> -2.3517136
A21: 2 | B21: =INDEX(C_Name,A21) -> 신길삼성래미안 84㎡ | C21: 2 | D21: =CHOOSE(C21,G1,G2,G3) -> 0.04 | E21: 3 | F21: =MAX(0,E21-NonRes) -> 3 | G21: =INDEX(C_Price,A21) -> 13 | H21: =INDEX(C_Acq,A21) -> 0.429 | I21: =INDEX(C_Fee,A21) -> 0.1058 | J21: =INDEX(C_Loan,A21) -> 5.2 | K21: =G21-J21+H21+I21 -> 8.3348 | L21: =G21*(1+D21)^E21 -> 14.623232 | M21: =L21*LOOKUP(L21,FeeLo,FeeR)*(1+VAT) -> 0.096513331 | N21: =-CUMIPMT(Rm,LoanYears*12,J21,1,E21*12,0) -> 0.60765516 | O21: =J21*(1+Rm)^(E21*12)-(J21*Rm/(1-(1+Rm)^(-LoanYears*12)))*((1+Rm)^(E21*12)-1)/Rm -> 4.9139337 | P21: =SUMIFS(Sch_Total,Sch_Idx,A21,Sch_Scen,C21,Sch_Year,"<="&E21) -> 0.078253597 | Q21: =H21+I21+M21 -> 0.63131333 | R21: =L21-G21-Q21 -> 0.99191867 | S21: =MAX(0,IF(F21>=2,IF(L21>Exempt,R21*(L21-Exempt)/L21,0),R21)) -> 0.17793828 | T21: =IF(F21>=2,MIN(MaxDed,MIN(0.4,HoldRate*E21)+MIN(0.4,LiveRate*F21)),IF(E21>=3,MIN(0.3,0.02*E21),0)) -> 0.24 | U21: =S21*(1-T21) -> 0.1352331 | V21: =MAX(0,U21-InitDed) -> 0.1102331 | W21: =SUMPRODUCT((V21>CLo)*(V21-CLo)*CD)*(1+LocalTax) -> 0.0072753843 | X21: =H21+P21+W21 -> 0.51452898 | Y21: =(L21-G21)-H21-I21-M21-N21-P21-W21 -> 0.29873452 | Z21: =Y21/K21 -> 0.035841835 | AA21: =IF(1+Z21>0,(1+Z21)^(1/E21)-1,-1) -> 0.011807317 | AB21: =L21-O21-M21-W21 -> 9.6055096 | AC21: =AB21/K21 -> 1.1524583 | AD21: =K21*((1+DepRate*(1-DepTax))^E21-1) -> 0.65085438 | AE21: =Y21-AD21 -> -0.35211985
A22: 2 | B22: =INDEX(C_Name,A22) -> 신길삼성래미안 84㎡ | C22: 2 | D22: =CHOOSE(C22,G1,G2,G3) -> 0.04 | E22: 5 | F22: =MAX(0,E22-NonRes) -> 5 | G22: =INDEX(C_Price,A22) -> 13 | H22: =INDEX(C_Acq,A22) -> 0.429 | I22: =INDEX(C_Fee,A22) -> 0.1058 | J22: =INDEX(C_Loan,A22) -> 5.2 | K22: =G22-J22+H22+I22 -> 8.3348 | L22: =G22*(1+D22)^E22 -> 15.816488 | M22: =L22*LOOKUP(L22,FeeLo,FeeR)*(1+VAT) -> 0.12178696 | N22: =-CUMIPMT(Rm,LoanYears*12,J22,1,E22*12,0) -> 0.9928064 | O22: =J22*(1+Rm)^(E22*12)-(J22*Rm/(1-(1+Rm)^(-LoanYears*12)))*((1+Rm)^(E22*12)-1)/Rm -> 4.7032707 | P22: =SUMIFS(Sch_Total,Sch_Idx,A22,Sch_Scen,C22,Sch_Year,"<="&E22) -> 0.13970482 | Q22: =H22+I22+M22 -> 0.65658696 | R22: =L22-G22-Q22 -> 2.1599008 | S22: =MAX(0,IF(F22>=2,IF(L22>Exempt,R22*(L22-Exempt)/L22,0),R22)) -> 0.52117986 | T22: =IF(F22>=2,MIN(MaxDed,MIN(0.4,HoldRate*E22)+MIN(0.4,LiveRate*F22)),IF(E22>=3,MIN(0.3,0.02*E22),0)) -> 0.4 | U22: =S22*(1-T22) -> 0.31270791 | V22: =MAX(0,U22-InitDed) -> 0.28770791 | W22: =SUMPRODUCT((V22>CLo)*(V22-CLo)*CD)*(1+LocalTax) -> 0.033611806 | X22: =H22+P22+W22 -> 0.60231662 | Y22: =(L22-G22)-H22-I22-M22-N22-P22-W22 -> 0.99377775 | Z22: =Y22/K22 -> 0.11923234 | AA22: =IF(1+Z22>0,(1+Z22)^(1/E22)-1,-1) -> 0.022784294 | AB22: =L22-O22-M22-W22 -> 10.957818 | AC22: =AB22/K22 -> 1.3147068 | AD22: =K22*((1+DepRate*(1-DepTax))^E22-1) -> 1.1127543 | AE22: =Y22-AD22 -> -0.1189765
A23: 2 | B23: =INDEX(C_Name,A23) -> 신길삼성래미안 84㎡ | C23: 2 | D23: =CHOOSE(C23,G1,G2,G3) -> 0.04 | E23: 7 | F23: =MAX(0,E23-NonRes) -> 7 | G23: =INDEX(C_Price,A23) -> 13 | H23: =INDEX(C_Acq,A23) -> 0.429 | I23: =INDEX(C_Fee,A23) -> 0.1058 | J23: =INDEX(C_Loan,A23) -> 5.2 | K23: =G23-J23+H23+I23 -> 8.3348 | L23: =G23*(1+D23)^E23 -> 17.107113 | M23: =L23*LOOKUP(L23,FeeLo,FeeR)*(1+VAT) -> 0.13172477 | N23: =-CUMIPMT(Rm,LoanYears*12,J23,1,E23*12,0) -> 1.3604425 | O23: =J23*(1+Rm)^(E23*12)-(J23*Rm/(1-(1+Rm)^(-LoanYears*12)))*((1+Rm)^(E23*12)-1)/Rm -> 4.4750925 | P23: =SUMIFS(Sch_Total,Sch_Idx,A23,Sch_Scen,C23,Sch_Year,"<="&E23) -> 0.20740425 | Q23: =H23+I23+M23 -> 0.66652477 | R23: =L23-G23-Q23 -> 3.4405884 | S23: =MAX(0,IF(F23>=2,IF(L23>Exempt,R23*(L23-Exempt)/L23,0),R23)) -> 1.0271443 | T23: =IF(F23>=2,MIN(MaxDed,MIN(0.4,HoldRate*E23)+MIN(0.4,LiveRate*F23)),IF(E23>=3,MIN(0.3,0.02*E23),0)) -> 0.56 | U23: =S23*(1-T23) -> 0.4519435 | V23: =MAX(0,U23-InitDed) -> 0.4269435 | W23: =SUMPRODUCT((V23>CLo)*(V23-CLo)*CD)*(1+LocalTax) -> 0.056585677 | X23: =H23+P23+W23 -> 0.69298993 | Y23: =(L23-G23)-H23-I23-M23-N23-P23-W23 -> 1.8161559 | Z23: =Y23/K23 -> 0.21790036 | AA23: =IF(1+Z23>0,(1+Z23)^(1/E23)-1,-1) -> 0.028561469 | AB23: =L23-O23-M23-W23 -> 12.44371 | AC23: =AB23/K23 -> 1.4929825 | AD23: =K23*((1+DepRate*(1-DepTax))^E23-1) -> 1.5983977 | AE23: =Y23-AD23 -> 0.21775824
A24: 2 | B24: =INDEX(C_Name,A24) -> 신길삼성래미안 84㎡ | C24: 2 | D24: =CHOOSE(C24,G1,G2,G3) -> 0.04 | E24: 10 | F24: =MAX(0,E24-NonRes) -> 10 | G24: =INDEX(C_Price,A24) -> 13 | H24: =INDEX(C_Acq,A24) -> 0.429 | I24: =INDEX(C_Fee,A24) -> 0.1058 | J24: =INDEX(C_Loan,A24) -> 5.2 | K24: =G24-J24+H24+I24 -> 8.3348 | L24: =G24*(1+D24)^E24 -> 19.243176 | M24: =L24*LOOKUP(L24,FeeLo,FeeR)*(1+VAT) -> 0.14817245 | N24: =-CUMIPMT(Rm,LoanYears*12,J24,1,E24*12,0) -> 1.8758373 | O24: =J24*(1+Rm)^(E24*12)-(J24*Rm/(1-(1+Rm)^(-LoanYears*12)))*((1+Rm)^(E24*12)-1)/Rm -> 4.0967659 | P24: =SUMIFS(Sch_Total,Sch_Idx,A24,Sch_Scen,C24,Sch_Year,"<="&E24) -> 0.3255508 | Q24: =H24+I24+M24 -> 0.68297245 | R24: =L24-G24-Q24 -> 5.5602033 | S24: =MAX(0,IF(F24>=2,IF(L24>Exempt,R24*(L24-Exempt)/L24,0),R24)) -> 2.0928733 | T24: =IF(F24>=2,MIN(MaxDed,MIN(0.4,HoldRate*E24)+MIN(0.4,LiveRate*F24)),IF(E24>=3,MIN(0.3,0.02*E24),0)) -> 0.8 | U24: =S24*(1-T24) -> 0.41857466 | V24: =MAX(0,U24-InitDed) -> 0.39357466 | W24: =SUMPRODUCT((V24>CLo)*(V24-CLo)*CD)*(1+LocalTax) -> 0.05107982 | X24: =H24+P24+W24 -> 0.80563062 | Y24: =(L24-G24)-H24-I24-M24-N24-P24-W24 -> 3.3077353 | Z24: =Y24/K24 -> 0.39685839 | AA24: =IF(1+Z24>0,(1+Z24)^(1/E24)-1,-1) -> 0.03398738 | AB24: =L24-O24-M24-W24 -> 14.947158 | AC24: =AB24/K24 -> 1.7933433 | AD24: =K24*((1+DepRate*(1-DepTax))^E24-1) -> 2.374069 | AE24: =Y24-AD24 -> 0.93366631
A25: 2 | B25: =INDEX(C_Name,A25) -> 신길삼성래미안 84㎡ | C25: 3 | D25: =CHOOSE(C25,G1,G2,G3) -> 0.06 | E25: 3 | F25: =MAX(0,E25-NonRes) -> 3 | G25: =INDEX(C_Price,A25) -> 13 | H25: =INDEX(C_Acq,A25) -> 0.429 | I25: =INDEX(C_Fee,A25) -> 0.1058 | J25: =INDEX(C_Loan,A25) -> 5.2 | K25: =G25-J25+H25+I25 -> 8.3348 | L25: =G25*(1+D25)^E25 -> 15.483208 | M25: =L25*LOOKUP(L25,FeeLo,FeeR)*(1+VAT) -> 0.1192207 | N25: =-CUMIPMT(Rm,LoanYears*12,J25,1,E25*12,0) -> 0.60765516 | O25: =J25*(1+Rm)^(E25*12)-(J25*Rm/(1-(1+Rm)^(-LoanYears*12)))*((1+Rm)^(E25*12)-1)/Rm -> 4.9139337 | P25: =SUMIFS(Sch_Total,Sch_Idx,A25,Sch_Scen,C25,Sch_Year,"<="&E25) -> 0.080322438 | Q25: =H25+I25+M25 -> 0.6540207 | R25: =L25-G25-Q25 -> 1.8291873 | S25: =MAX(0,IF(F25>=2,IF(L25>Exempt,R25*(L25-Exempt)/L25,0),R25)) -> 0.41150644 | T25: =IF(F25>=2,MIN(MaxDed,MIN(0.4,HoldRate*E25)+MIN(0.4,LiveRate*F25)),IF(E25>=3,MIN(0.3,0.02*E25),0)) -> 0.24 | U25: =S25*(1-T25) -> 0.3127449 | V25: =MAX(0,U25-InitDed) -> 0.2877449 | W25: =SUMPRODUCT((V25>CLo)*(V25-CLo)*CD)*(1+LocalTax) -> 0.033617908 | X25: =H25+P25+W25 -> 0.54294035 | Y25: =(L25-G25)-H25-I25-M25-N25-P25-W25 -> 1.1075918 | Z25: =Y25/K25 -> 0.13288763 | AA25: =IF(1+Z25>0,(1+Z25)^(1/E25)-1,-1) -> 0.042466908 | AB25: =L25-O25-M25-W25 -> 10.416436 | AC25: =AB25/K25 -> 1.2497523 | AD25: =K25*((1+DepRate*(1-DepTax))^E25-1) -> 0.65085438 | AE25: =Y25-AD25 -> 0.45673741
A26: 2 | B26: =INDEX(C_Name,A26) -> 신길삼성래미안 84㎡ | C26: 3 | D26: =CHOOSE(C26,G1,G2,G3) -> 0.06 | E26: 5 | F26: =MAX(0,E26-NonRes) -> 5 | G26: =INDEX(C_Price,A26) -> 13 | H26: =INDEX(C_Acq,A26) -> 0.429 | I26: =INDEX(C_Fee,A26) -> 0.1058 | J26: =INDEX(C_Loan,A26) -> 5.2 | K26: =G26-J26+H26+I26 -> 8.3348 | L26: =G26*(1+D26)^E26 -> 17.396933 | M26: =L26*LOOKUP(L26,FeeLo,FeeR)*(1+VAT) -> 0.13395638 | N26: =-CUMIPMT(Rm,LoanYears*12,J26,1,E26*12,0) -> 0.9928064 | O26: =J26*(1+Rm)^(E26*12)-(J26*Rm/(1-(1+Rm)^(-LoanYears*12)))*((1+Rm)^(E26*12)-1)/Rm -> 4.7032707 | P26: =SUMIFS(Sch_Total,Sch_Idx,A26,Sch_Scen,C26,Sch_Year,"<="&E26) -> 0.14707157 | Q26: =H26+I26+M26 -> 0.66875638 | R26: =L26-G26-Q26 -> 3.7281761 | S26: =MAX(0,IF(F26>=2,IF(L26>Exempt,R26*(L26-Exempt)/L26,0),R26)) -> 1.1565668 | T26: =IF(F26>=2,MIN(MaxDed,MIN(0.4,HoldRate*E26)+MIN(0.4,LiveRate*F26)),IF(E26>=3,MIN(0.3,0.02*E26),0)) -> 0.4 | U26: =S26*(1-T26) -> 0.69394009 | V26: =MAX(0,U26-InitDed) -> 0.66894009 | W26: =SUMPRODUCT((V26>CLo)*(V26-CLo)*CD)*(1+LocalTax) -> 0.11324018 | X26: =H26+P26+W26 -> 0.68931176 | Y26: =(L26-G26)-H26-I26-M26-N26-P26-W26 -> 2.475058 | Z26: =Y26/K26 -> 0.29695469 | AA26: =IF(1+Z26>0,(1+Z26)^(1/E26)-1,-1) -> 0.053379739 | AB26: =L26-O26-M26-W26 -> 12.446465 | AC26: =AB26/K26 -> 1.493313 | AD26: =K26*((1+DepRate*(1-DepTax))^E26-1) -> 1.1127543 | AE26: =Y26-AD26 -> 1.3623037
A27: 2 | B27: =INDEX(C_Name,A27) -> 신길삼성래미안 84㎡ | C27: 3 | D27: =CHOOSE(C27,G1,G2,G3) -> 0.06 | E27: 7 | F27: =MAX(0,E27-NonRes) -> 7 | G27: =INDEX(C_Price,A27) -> 13 | H27: =INDEX(C_Acq,A27) -> 0.429 | I27: =INDEX(C_Fee,A27) -> 0.1058 | J27: =INDEX(C_Loan,A27) -> 5.2 | K27: =G27-J27+H27+I27 -> 8.3348 | L27: =G27*(1+D27)^E27 -> 19.547193 | M27: =L27*LOOKUP(L27,FeeLo,FeeR)*(1+VAT) -> 0.15051339 | N27: =-CUMIPMT(Rm,LoanYears*12,J27,1,E27*12,0) -> 1.3604425 | O27: =J27*(1+Rm)^(E27*12)-(J27*Rm/(1-(1+Rm)^(-LoanYears*12)))*((1+Rm)^(E27*12)-1)/Rm -> 4.4750925 | P27: =SUMIFS(Sch_Total,Sch_Idx,A27,Sch_Scen,C27,Sch_Year,"<="&E27) -> 0.22656053 | Q27: =H27+I27+M27 -> 0.68531339 | R27: =L27-G27-Q27 -> 5.86188 | S27: =MAX(0,IF(F27>=2,IF(L27>Exempt,R27*(L27-Exempt)/L27,0),R27)) -> 2.2632785 | T27: =IF(F27>=2,MIN(MaxDed,MIN(0.4,HoldRate*E27)+MIN(0.4,LiveRate*F27)),IF(E27>=3,MIN(0.3,0.02*E27),0)) -> 0.56 | U27: =S27*(1-T27) -> 0.99584252 | V27: =MAX(0,U27-InitDed) -> 0.97084252 | W27: =SUMPRODUCT((V27>CLo)*(V27-CLo)*CD)*(1+LocalTax) -> 0.20393437 | X27: =H27+P27+W27 -> 0.8594949 | Y27: =(L27-G27)-H27-I27-M27-N27-P27-W27 -> 4.0709426 | Z27: =Y27/K27 -> 0.48842715 | AA27: =IF(1+Z27>0,(1+Z27)^(1/E27)-1,-1) -> 0.058462239 | AB27: =L27-O27-M27-W27 -> 14.717653 | AC27: =AB27/K27 -> 1.7658076 | AD27: =K27*((1+DepRate*(1-DepTax))^E27-1) -> 1.5983977 | AE27: =Y27-AD27 -> 2.4725449
A28: 2 | B28: =INDEX(C_Name,A28) -> 신길삼성래미안 84㎡ | C28: 3 | D28: =CHOOSE(C28,G1,G2,G3) -> 0.06 | E28: 10 | F28: =MAX(0,E28-NonRes) -> 10 | G28: =INDEX(C_Price,A28) -> 13 | H28: =INDEX(C_Acq,A28) -> 0.429 | I28: =INDEX(C_Fee,A28) -> 0.1058 | J28: =INDEX(C_Loan,A28) -> 5.2 | K28: =G28-J28+H28+I28 -> 8.3348 | L28: =G28*(1+D28)^E28 -> 23.28102 | M28: =L28*LOOKUP(L28,FeeLo,FeeR)*(1+VAT) -> 0.17926385 | N28: =-CUMIPMT(Rm,LoanYears*12,J28,1,E28*12,0) -> 1.8758373 | O28: =J28*(1+Rm)^(E28*12)-(J28*Rm/(1-(1+Rm)^(-LoanYears*12)))*((1+Rm)^(E28*12)-1)/Rm -> 4.0967659 | P28: =SUMIFS(Sch_Total,Sch_Idx,A28,Sch_Scen,C28,Sch_Year,"<="&E28) -> 0.38859406 | Q28: =H28+I28+M28 -> 0.71406385 | R28: =L28-G28-Q28 -> 9.5669562 | S28: =MAX(0,IF(F28>=2,IF(L28>Exempt,R28*(L28-Exempt)/L28,0),R28)) -> 4.6357515 | T28: =IF(F28>=2,MIN(MaxDed,MIN(0.4,HoldRate*E28)+MIN(0.4,LiveRate*F28)),IF(E28>=3,MIN(0.3,0.02*E28),0)) -> 0.8 | U28: =S28*(1-T28) -> 0.92715031 | V28: =MAX(0,U28-InitDed) -> 0.90215031 | W28: =SUMPRODUCT((V28>CLo)*(V28-CLo)*CD)*(1+LocalTax) -> 0.17748787 | X28: =H28+P28+W28 -> 0.99508193 | Y28: =(L28-G28)-H28-I28-M28-N28-P28-W28 -> 7.1250369 | Z28: =Y28/K28 -> 0.85485398 | AA28: =IF(1+Z28>0,(1+Z28)^(1/E28)-1,-1) -> 0.063728934 | AB28: =L28-O28-M28-W28 -> 18.827502 | AC28: =AB28/K28 -> 2.2589027 | AD28: =K28*((1+DepRate*(1-DepTax))^E28-1) -> 2.374069 | AE28: =Y28-AD28 -> 4.7509679
A29: 3 | B29: =INDEX(C_Name,A29) -> 신길 래미안에스티움 84㎡ | C29: 1 | D29: =CHOOSE(C29,G1,G2,G3) -> 0.02 | E29: 3 | F29: =MAX(0,E29-NonRes) -> 3 | G29: =INDEX(C_Price,A29) -> 18.8 | H29: =INDEX(C_Acq,A29) -> 0.6204 | I29: =INDEX(C_Fee,A29) -> 0.16476 | J29: =INDEX(C_Loan,A29) -> 4 | K29: =G29-J29+H29+I29 -> 15.58516 | L29: =G29*(1+D29)^E29 -> 19.95071 | M29: =L29*LOOKUP(L29,FeeLo,FeeR)*(1+VAT) -> 0.15362047 | N29: =-CUMIPMT(Rm,LoanYears*12,J29,1,E29*12,0) -> 0.46742705 | O29: =J29*(1+Rm)^(E29*12)-(J29*Rm/(1-(1+Rm)^(-LoanYears*12)))*((1+Rm)^(E29*12)-1)/Rm -> 3.779949 | P29: =SUMIFS(Sch_Total,Sch_Idx,A29,Sch_Scen,C29,Sch_Year,"<="&E29) -> 0.1383204 | Q29: =H29+I29+M29 -> 0.93878047 | R29: =L29-G29-Q29 -> 0.21192993 | S29: =MAX(0,IF(F29>=2,IF(L29>Exempt,R29*(L29-Exempt)/L29,0),R29)) -> 0.08445782 | T29: =IF(F29>=2,MIN(MaxDed,MIN(0.4,HoldRate*E29)+MIN(0.4,LiveRate*F29)),IF(E29>=3,MIN(0.3,0.02*E29),0)) -> 0.24 | U29: =S29*(1-T29) -> 0.064187943 | V29: =MAX(0,U29-InitDed) -> 0.039187943 | W29: =SUMPRODUCT((V29>CLo)*(V29-CLo)*CD)*(1+LocalTax) -> 0.0025864042 | X29: =H29+P29+W29 -> 0.76130681 | Y29: =(L29-G29)-H29-I29-M29-N29-P29-W29 -> -0.39640393 | Z29: =Y29/K29 -> -0.025434704 | AA29: =IF(1+Z29>0,(1+Z29)^(1/E29)-1,-1) -> -0.0085511483 | AB29: =L29-O29-M29-W29 -> 16.014555 | AC29: =AB29/K29 -> 1.0275515 | AD29: =K29*((1+DepRate*(1-DepTax))^E29-1) -> 1.2170262 | AE29: =Y29-AD29 -> -1.6134301
A30: 3 | B30: =INDEX(C_Name,A30) -> 신길 래미안에스티움 84㎡ | C30: 1 | D30: =CHOOSE(C30,G1,G2,G3) -> 0.02 | E30: 5 | F30: =MAX(0,E30-NonRes) -> 5 | G30: =INDEX(C_Price,A30) -> 18.8 | H30: =INDEX(C_Acq,A30) -> 0.6204 | I30: =INDEX(C_Fee,A30) -> 0.16476 | J30: =INDEX(C_Loan,A30) -> 4 | K30: =G30-J30+H30+I30 -> 15.58516 | L30: =G30*(1+D30)^E30 -> 20.756719 | M30: =L30*LOOKUP(L30,FeeLo,FeeR)*(1+VAT) -> 0.15982674 | N30: =-CUMIPMT(Rm,LoanYears*12,J30,1,E30*12,0) -> 0.76369723 | O30: =J30*(1+Rm)^(E30*12)-(J30*Rm/(1-(1+Rm)^(-LoanYears*12)))*((1+Rm)^(E30*12)-1)/Rm -> 3.6179005 | P30: =SUMIFS(Sch_Total,Sch_Idx,A30,Sch_Scen,C30,Sch_Year,"<="&E30) -> 0.24034984 | Q30: =H30+I30+M30 -> 0.94498674 | R30: =L30-G30-Q30 -> 1.0117324 | S30: =MAX(0,IF(F30>=2,IF(L30>Exempt,R30*(L30-Exempt)/L30,0),R30)) -> 0.42682353 | T30: =IF(F30>=2,MIN(MaxDed,MIN(0.4,HoldRate*E30)+MIN(0.4,LiveRate*F30)),IF(E30>=3,MIN(0.3,0.02*E30),0)) -> 0.4 | U30: =S30*(1-T30) -> 0.25609412 | V30: =MAX(0,U30-InitDed) -> 0.23109412 | W30: =SUMPRODUCT((V30>CLo)*(V30-CLo)*CD)*(1+LocalTax) -> 0.024270529 | X30: =H30+P30+W30 -> 0.88502037 | Y30: =(L30-G30)-H30-I30-M30-N30-P30-W30 -> -0.016585242 | Z30: =Y30/K30 -> -0.0010641689 | AA30: =IF(1+Z30>0,(1+Z30)^(1/E30)-1,-1) -> -0.00021292443 | AB30: =L30-O30-M30-W30 -> 16.954721 | AC30: =AB30/K30 -> 1.087876 | AD30: =K30*((1+DepRate*(1-DepTax))^E30-1) -> 2.0807282 | AE30: =Y30-AD30 -> -2.0973134
A31: 3 | B31: =INDEX(C_Name,A31) -> 신길 래미안에스티움 84㎡ | C31: 1 | D31: =CHOOSE(C31,G1,G2,G3) -> 0.02 | E31: 7 | F31: =MAX(0,E31-NonRes) -> 7 | G31: =INDEX(C_Price,A31) -> 18.8 | H31: =INDEX(C_Acq,A31) -> 0.6204 | I31: =INDEX(C_Fee,A31) -> 0.16476 | J31: =INDEX(C_Loan,A31) -> 4 | K31: =G31-J31+H31+I31 -> 15.58516 | L31: =G31*(1+D31)^E31 -> 21.595291 | M31: =L31*LOOKUP(L31,FeeLo,FeeR)*(1+VAT) -> 0.16628374 | N31: =-CUMIPMT(Rm,LoanYears*12,J31,1,E31*12,0) -> 1.0464942 | O31: =J31*(1+Rm)^(E31*12)-(J31*Rm/(1-(1+Rm)^(-LoanYears*12)))*((1+Rm)^(E31*12)-1)/Rm -> 3.4423788 | P31: =SUMIFS(Sch_Total,Sch_Idx,A31,Sch_Scen,C31,Sch_Year,"<="&E31) -> 0.35060268 | Q31: =H31+I31+M31 -> 0.95144374 | R31: =L31-G31-Q31 -> 1.8438468 | S31: =MAX(0,IF(F31>=2,IF(L31>Exempt,R31*(L31-Exempt)/L31,0),R31)) -> 0.81926408 | T31: =IF(F31>=2,MIN(MaxDed,MIN(0.4,HoldRate*E31)+MIN(0.4,LiveRate*F31)),IF(E31>=3,MIN(0.3,0.02*E31),0)) -> 0.56 | U31: =S31*(1-T31) -> 0.3604762 | V31: =MAX(0,U31-InitDed) -> 0.3354762 | W31: =SUMPRODUCT((V31>CLo)*(V31-CLo)*CD)*(1+LocalTax) -> 0.041493572 | X31: =H31+P31+W31 -> 1.0124962 | Y31: =(L31-G31)-H31-I31-M31-N31-P31-W31 -> 0.40525634 | Z31: =Y31/K31 -> 0.026002706 | AA31: =IF(1+Z31>0,(1+Z31)^(1/E31)-1,-1) -> 0.0036739302 | AB31: =L31-O31-M31-W31 -> 17.945134 | AC31: =AB31/K31 -> 1.1514245 | AD31: =K31*((1+DepRate*(1-DepTax))^E31-1) -> 2.988828 | AE31: =Y31-AD31 -> -2.5835717
A32: 3 | B32: =INDEX(C_Name,A32) -> 신길 래미안에스티움 84㎡ | C32: 1 | D32: =CHOOSE(C32,G1,G2,G3) -> 0.02 | E32: 10 | F32: =MAX(0,E32-NonRes) -> 10 | G32: =INDEX(C_Price,A32) -> 18.8 | H32: =INDEX(C_Acq,A32) -> 0.6204 | I32: =INDEX(C_Fee,A32) -> 0.16476 | J32: =INDEX(C_Loan,A32) -> 4 | K32: =G32-J32+H32+I32 -> 15.58516 | L32: =G32*(1+D32)^E32 -> 22.917095 | M32: =L32*LOOKUP(L32,FeeLo,FeeR)*(1+VAT) -> 0.17646163 | N32: =-CUMIPMT(Rm,LoanYears*12,J32,1,E32*12,0) -> 1.4429518 | O32: =J32*(1+Rm)^(E32*12)-(J32*Rm/(1-(1+Rm)^(-LoanYears*12)))*((1+Rm)^(E32*12)-1)/Rm -> 3.1513584 | P32: =SUMIFS(Sch_Total,Sch_Idx,A32,Sch_Scen,C32,Sch_Year,"<="&E32) -> 0.5321312 | Q32: =H32+I32+M32 -> 0.96162163 | R32: =L32-G32-Q32 -> 3.1554735 | S32: =MAX(0,IF(F32>=2,IF(L32>Exempt,R32*(L32-Exempt)/L32,0),R32)) -> 1.5031837 | T32: =IF(F32>=2,MIN(MaxDed,MIN(0.4,HoldRate*E32)+MIN(0.4,LiveRate*F32)),IF(E32>=3,MIN(0.3,0.02*E32),0)) -> 0.8 | U32: =S32*(1-T32) -> 0.30063674 | V32: =MAX(0,U32-InitDed) -> 0.27563674 | W32: =SUMPRODUCT((V32>CLo)*(V32-CLo)*CD)*(1+LocalTax) -> 0.031620062 | X32: =H32+P32+W32 -> 1.1841513 | Y32: =(L32-G32)-H32-I32-M32-N32-P32-W32 -> 1.1487704 | Z32: =Y32/K32 -> 0.073709248 | AA32: =IF(1+Z32>0,(1+Z32)^(1/E32)-1,-1) -> 0.0071372738 | AB32: =L32-O32-M32-W32 -> 19.557655 | AC32: =AB32/K32 -> 1.2548896 | AD32: =K32*((1+DepRate*(1-DepTax))^E32-1) -> 4.4392481 | AE32: =Y32-AD32 -> -3.2904777
A33: 3 | B33: =INDEX(C_Name,A33) -> 신길 래미안에스티움 84㎡ | C33: 2 | D33: =CHOOSE(C33,G1,G2,G3) -> 0.04 | E33: 3 | F33: =MAX(0,E33-NonRes) -> 3 | G33: =INDEX(C_Price,A33) -> 18.8 | H33: =INDEX(C_Acq,A33) -> 0.6204 | I33: =INDEX(C_Fee,A33) -> 0.16476 | J33: =INDEX(C_Loan,A33) -> 4 | K33: =G33-J33+H33+I33 -> 15.58516 | L33: =G33*(1+D33)^E33 -> 21.147443 | M33: =L33*LOOKUP(L33,FeeLo,FeeR)*(1+VAT) -> 0.16283531 | N33: =-CUMIPMT(Rm,LoanYears*12,J33,1,E33*12,0) -> 0.46742705 | O33: =J33*(1+Rm)^(E33*12)-(J33*Rm/(1-(1+Rm)^(-LoanYears*12)))*((1+Rm)^(E33*12)-1)/Rm -> 3.779949 | P33: =SUMIFS(Sch_Total,Sch_Idx,A33,Sch_Scen,C33,Sch_Year,"<="&E33) -> 0.14413165 | Q33: =H33+I33+M33 -> 0.94799531 | R33: =L33-G33-Q33 -> 1.3994479 | S33: =MAX(0,IF(F33>=2,IF(L33>Exempt,R33*(L33-Exempt)/L33,0),R33)) -> 0.6053389 | T33: =IF(F33>=2,MIN(MaxDed,MIN(0.4,HoldRate*E33)+MIN(0.4,LiveRate*F33)),IF(E33>=3,MIN(0.3,0.02*E33),0)) -> 0.24 | U33: =S33*(1-T33) -> 0.46005757 | V33: =MAX(0,U33-InitDed) -> 0.43505757 | W33: =SUMPRODUCT((V33>CLo)*(V33-CLo)*CD)*(1+LocalTax) -> 0.057924498 | X33: =H33+P33+W33 -> 0.82245615 | Y33: =(L33-G33)-H33-I33-M33-N33-P33-W33 -> 0.72996469 | Z33: =Y33/K33 -> 0.046837164 | AA33: =IF(1+Z33>0,(1+Z33)^(1/E33)-1,-1) -> 0.015374792 | AB33: =L33-O33-M33-W33 -> 17.146734 | AC33: =AB33/K33 -> 1.1001962 | AD33: =K33*((1+DepRate*(1-DepTax))^E33-1) -> 1.2170262 | AE33: =Y33-AD33 -> -0.48706147
A34: 3 | B34: =INDEX(C_Name,A34) -> 신길 래미안에스티움 84㎡ | C34: 2 | D34: =CHOOSE(C34,G1,G2,G3) -> 0.04 | E34: 5 | F34: =MAX(0,E34-NonRes) -> 5 | G34: =INDEX(C_Price,A34) -> 18.8 | H34: =INDEX(C_Acq,A34) -> 0.6204 | I34: =INDEX(C_Fee,A34) -> 0.16476 | J34: =INDEX(C_Loan,A34) -> 4 | K34: =G34-J34+H34+I34 -> 15.58516 | L34: =G34*(1+D34)^E34 -> 22.873075 | M34: =L34*LOOKUP(L34,FeeLo,FeeR)*(1+VAT) -> 0.17612267 | N34: =-CUMIPMT(Rm,LoanYears*12,J34,1,E34*12,0) -> 0.76369723 | O34: =J34*(1+Rm)^(E34*12)-(J34*Rm/(1-(1+Rm)^(-LoanYears*12)))*((1+Rm)^(E34*12)-1)/Rm -> 3.6179005 | P34: =SUMIFS(Sch_Total,Sch_Idx,A34,Sch_Scen,C34,Sch_Year,"<="&E34) -> 0.26050713 | Q34: =H34+I34+M34 -> 0.96128267 | R34: =L34-G34-Q34 -> 3.1117919 | S34: =MAX(0,IF(F34>=2,IF(L34>Exempt,R34*(L34-Exempt)/L34,0),R34)) -> 1.4792391 | T34: =IF(F34>=2,MIN(MaxDed,MIN(0.4,HoldRate*E34)+MIN(0.4,LiveRate*F34)),IF(E34>=3,MIN(0.3,0.02*E34),0)) -> 0.4 | U34: =S34*(1-T34) -> 0.88754343 | V34: =MAX(0,U34-InitDed) -> 0.86254343 | W34: =SUMPRODUCT((V34>CLo)*(V34-CLo)*CD)*(1+LocalTax) -> 0.16435147 | X34: =H34+P34+W34 -> 1.0452586 | Y34: =(L34-G34)-H34-I34-M34-N34-P34-W34 -> 1.9232361 | Z34: =Y34/K34 -> 0.12340175 | AA34: =IF(1+Z34>0,(1+Z34)^(1/E34)-1,-1) -> 0.023545185 | AB34: =L34-O34-M34-W34 -> 18.9147 | AC34: =AB34/K34 -> 1.2136353 | AD34: =K34*((1+DepRate*(1-DepTax))^E34-1) -> 2.0807282 | AE34: =Y34-AD34 -> -0.15749209
A35: 3 | B35: =INDEX(C_Name,A35) -> 신길 래미안에스티움 84㎡ | C35: 2 | D35: =CHOOSE(C35,G1,G2,G3) -> 0.04 | E35: 7 | F35: =MAX(0,E35-NonRes) -> 7 | G35: =INDEX(C_Price,A35) -> 18.8 | H35: =INDEX(C_Acq,A35) -> 0.6204 | I35: =INDEX(C_Fee,A35) -> 0.16476 | J35: =INDEX(C_Loan,A35) -> 4 | K35: =G35-J35+H35+I35 -> 15.58516 | L35: =G35*(1+D35)^E35 -> 24.739517 | M35: =L35*LOOKUP(L35,FeeLo,FeeR)*(1+VAT) -> 0.19049428 | N35: =-CUMIPMT(Rm,LoanYears*12,J35,1,E35*12,0) -> 1.0464942 | O35: =J35*(1+Rm)^(E35*12)-(J35*Rm/(1-(1+Rm)^(-LoanYears*12)))*((1+Rm)^(E35*12)-1)/Rm -> 3.4423788 | P35: =SUMIFS(Sch_Total,Sch_Idx,A35,Sch_Scen,C35,Sch_Year,"<="&E35) -> 0.39466287 | Q35: =H35+I35+M35 -> 0.97565428 | R35: =L35-G35-Q35 -> 4.9638632 | S35: =MAX(0,IF(F35>=2,IF(L35>Exempt,R35*(L35-Exempt)/L35,0),R35)) -> 2.5561219 | T35: =IF(F35>=2,MIN(MaxDed,MIN(0.4,HoldRate*E35)+MIN(0.4,LiveRate*F35)),IF(E35>=3,MIN(0.3,0.02*E35),0)) -> 0.56 | U35: =S35*(1-T35) -> 1.1246936 | V35: =MAX(0,U35-InitDed) -> 1.0996936 | W35: =SUMPRODUCT((V35>CLo)*(V35-CLo)*CD)*(1+LocalTax) -> 0.25354204 | X35: =H35+P35+W35 -> 1.2686049 | Y35: =(L35-G35)-H35-I35-M35-N35-P35-W35 -> 3.269164 | Z35: =Y35/K35 -> 0.20976134 | AA35: =IF(1+Z35>0,(1+Z35)^(1/E35)-1,-1) -> 0.027576688 | AB35: =L35-O35-M35-W35 -> 20.853102 | AC35: =AB35/K35 -> 1.3380102 | AD35: =K35*((1+DepRate*(1-DepTax))^E35-1) -> 2.988828 | AE35: =Y35-AD35 -> 0.280336
A36: 3 | B36: =INDEX(C_Name,A36) -> 신길 래미안에스티움 84㎡ | C36: 2 | D36: =CHOOSE(C36,G1,G2,G3) -> 0.04 | E36: 10 | F36: =MAX(0,E36-NonRes) -> 10 | G36: =INDEX(C_Price,A36) -> 18.8 | H36: =INDEX(C_Acq,A36) -> 0.6204 | I36: =INDEX(C_Fee,A36) -> 0.16476 | J36: =INDEX(C_Loan,A36) -> 4 | K36: =G36-J36+H36+I36 -> 15.58516 | L36: =G36*(1+D36)^E36 -> 27.828593 | M36: =L36*LOOKUP(L36,FeeLo,FeeR)*(1+VAT) -> 0.21428016 | N36: =-CUMIPMT(Rm,LoanYears*12,J36,1,E36*12,0) -> 1.4429518 | O36: =J36*(1+Rm)^(E36*12)-(J36*Rm/(1-(1+Rm)^(-LoanYears*12)))*((1+Rm)^(E36*12)-1)/Rm -> 3.1513584 | P36: =SUMIFS(Sch_Total,Sch_Idx,A36,Sch_Scen,C36,Sch_Year,"<="&E36) -> 0.63573301 | Q36: =H36+I36+M36 -> 0.99944016 | R36: =L36-G36-Q36 -> 8.0291524 | S36: =MAX(0,IF(F36>=2,IF(L36>Exempt,R36*(L36-Exempt)/L36,0),R36)) -> 4.5668922 | T36: =IF(F36>=2,MIN(MaxDed,MIN(0.4,HoldRate*E36)+MIN(0.4,LiveRate*F36)),IF(E36>=3,MIN(0.3,0.02*E36),0)) -> 0.8 | U36: =S36*(1-T36) -> 0.91337844 | V36: =MAX(0,U36-InitDed) -> 0.88837844 | W36: =SUMPRODUCT((V36>CLo)*(V36-CLo)*CD)*(1+LocalTax) -> 0.1721857 | X36: =H36+P36+W36 -> 1.4283187 | Y36: =(L36-G36)-H36-I36-M36-N36-P36-W36 -> 5.7782819 | Z36: =Y36/K36 -> 0.37075538 | AA36: =IF(1+Z36>0,(1+Z36)^(1/E36)-1,-1) -> 0.032038731 | AB36: =L36-O36-M36-W36 -> 24.290768 | AC36: =AB36/K36 -> 1.5585832 | AD36: =K36*((1+DepRate*(1-DepTax))^E36-1) -> 4.4392481 | AE36: =Y36-AD36 -> 1.3390338
A37: 3 | B37: =INDEX(C_Name,A37) -> 신길 래미안에스티움 84㎡ | C37: 3 | D37: =CHOOSE(C37,G1,G2,G3) -> 0.06 | E37: 3 | F37: =MAX(0,E37-NonRes) -> 3 | G37: =INDEX(C_Price,A37) -> 18.8 | H37: =INDEX(C_Acq,A37) -> 0.6204 | I37: =INDEX(C_Fee,A37) -> 0.16476 | J37: =INDEX(C_Loan,A37) -> 4 | K37: =G37-J37+H37+I37 -> 15.58516 | L37: =G37*(1+D37)^E37 -> 22.391101 | M37: =L37*LOOKUP(L37,FeeLo,FeeR)*(1+VAT) -> 0.17241148 | N37: =-CUMIPMT(Rm,LoanYears*12,J37,1,E37*12,0) -> 0.46742705 | O37: =J37*(1+Rm)^(E37*12)-(J37*Rm/(1-(1+Rm)^(-LoanYears*12)))*((1+Rm)^(E37*12)-1)/Rm -> 3.779949 | P37: =SUMIFS(Sch_Total,Sch_Idx,A37,Sch_Scen,C37,Sch_Year,"<="&E37) -> 0.15001887 | Q37: =H37+I37+M37 -> 0.95757148 | R37: =L37-G37-Q37 -> 2.6335293 | S37: =MAX(0,IF(F37>=2,IF(L37>Exempt,R37*(L37-Exempt)/L37,0),R37)) -> 1.2221493 | T37: =IF(F37>=2,MIN(MaxDed,MIN(0.4,HoldRate*E37)+MIN(0.4,LiveRate*F37)),IF(E37>=3,MIN(0.3,0.02*E37),0)) -> 0.24 | U37: =S37*(1-T37) -> 0.92883348 | V37: =MAX(0,U37-InitDed) -> 0.90383348 | W37: =SUMPRODUCT((V37>CLo)*(V37-CLo)*CD)*(1+LocalTax) -> 0.17813589 | X37: =H37+P37+W37 -> 0.94855476 | Y37: =(L37-G37)-H37-I37-M37-N37-P37-W37 -> 1.8379475 | Z37: =Y37/K37 -> 0.11792933 | AA37: =IF(1+Z37>0,(1+Z37)^(1/E37)-1,-1) -> 0.03785843 | AB37: =L37-O37-M37-W37 -> 18.260604 | AC37: =AB37/K37 -> 1.1716661 | AD37: =K37*((1+DepRate*(1-DepTax))^E37-1) -> 1.2170262 | AE37: =Y37-AD37 -> 0.62092136
A38: 3 | B38: =INDEX(C_Name,A38) -> 신길 래미안에스티움 84㎡ | C38: 3 | D38: =CHOOSE(C38,G1,G2,G3) -> 0.06 | E38: 5 | F38: =MAX(0,E38-NonRes) -> 5 | G38: =INDEX(C_Price,A38) -> 18.8 | H38: =INDEX(C_Acq,A38) -> 0.6204 | I38: =INDEX(C_Fee,A38) -> 0.16476 | J38: =INDEX(C_Loan,A38) -> 4 | K38: =G38-J38+H38+I38 -> 15.58516 | L38: =G38*(1+D38)^E38 -> 25.158641 | M38: =L38*LOOKUP(L38,FeeLo,FeeR)*(1+VAT) -> 0.19372153 | N38: =-CUMIPMT(Rm,LoanYears*12,J38,1,E38*12,0) -> 0.76369723 | O38: =J38*(1+Rm)^(E38*12)-(J38*Rm/(1-(1+Rm)^(-LoanYears*12)))*((1+Rm)^(E38*12)-1)/Rm -> 3.6179005 | P38: =SUMIFS(Sch_Total,Sch_Idx,A38,Sch_Scen,C38,Sch_Year,"<="&E38) -> 0.28147039 | Q38: =H38+I38+M38 -> 0.97888153 | R38: =L38-G38-Q38 -> 5.3797593 | S38: =MAX(0,IF(F38>=2,IF(L38>Exempt,R38*(L38-Exempt)/L38,0),R38)) -> 2.8137578 | T38: =IF(F38>=2,MIN(MaxDed,MIN(0.4,HoldRate*E38)+MIN(0.4,LiveRate*F38)),IF(E38>=3,MIN(0.3,0.02*E38),0)) -> 0.4 | U38: =S38*(1-T38) -> 1.6882547 | V38: =MAX(0,U38-InitDed) -> 1.6632547 | W38: =SUMPRODUCT((V38>CLo)*(V38-CLo)*CD)*(1+LocalTax) -> 0.47590045 | X38: =H38+P38+W38 -> 1.3777708 | Y38: =(L38-G38)-H38-I38-M38-N38-P38-W38 -> 3.8586913 | Z38: =Y38/K38 -> 0.24758753 | AA38: =IF(1+Z38>0,(1+Z38)^(1/E38)-1,-1) -> 0.045235629 | AB38: =L38-O38-M38-W38 -> 20.871118 | AC38: =AB38/K38 -> 1.3391661 | AD38: =K38*((1+DepRate*(1-DepTax))^E38-1) -> 2.0807282 | AE38: =Y38-AD38 -> 1.7779631
A39: 3 | B39: =INDEX(C_Name,A39) -> 신길 래미안에스티움 84㎡ | C39: 3 | D39: =CHOOSE(C39,G1,G2,G3) -> 0.06 | E39: 7 | F39: =MAX(0,E39-NonRes) -> 7 | G39: =INDEX(C_Price,A39) -> 18.8 | H39: =INDEX(C_Acq,A39) -> 0.6204 | I39: =INDEX(C_Fee,A39) -> 0.16476 | J39: =INDEX(C_Loan,A39) -> 4 | K39: =G39-J39+H39+I39 -> 15.58516 | L39: =G39*(1+D39)^E39 -> 28.268249 | M39: =L39*LOOKUP(L39,FeeLo,FeeR)*(1+VAT) -> 0.21766552 | N39: =-CUMIPMT(Rm,LoanYears*12,J39,1,E39*12,0) -> 1.0464942 | O39: =J39*(1+Rm)^(E39*12)-(J39*Rm/(1-(1+Rm)^(-LoanYears*12)))*((1+Rm)^(E39*12)-1)/Rm -> 3.4423788 | P39: =SUMIFS(Sch_Total,Sch_Idx,A39,Sch_Scen,C39,Sch_Year,"<="&E39) -> 0.4442523 | Q39: =H39+I39+M39 -> 1.0028255 | R39: =L39-G39-Q39 -> 8.4654234 | S39: =MAX(0,IF(F39>=2,IF(L39>Exempt,R39*(L39-Exempt)/L39,0),R39)) -> 4.8718127 | T39: =IF(F39>=2,MIN(MaxDed,MIN(0.4,HoldRate*E39)+MIN(0.4,LiveRate*F39)),IF(E39>=3,MIN(0.3,0.02*E39),0)) -> 0.56 | U39: =S39*(1-T39) -> 2.1435976 | V39: =MAX(0,U39-InitDed) -> 2.1185976 | W39: =SUMPRODUCT((V39>CLo)*(V39-CLo)*CD)*(1+LocalTax) -> 0.66623379 | X39: =H39+P39+W39 -> 1.7308861 | Y39: =(L39-G39)-H39-I39-M39-N39-P39-W39 -> 6.308443 | Z39: =Y39/K39 -> 0.40477243 | AA39: =IF(1+Z39>0,(1+Z39)^(1/E39)-1,-1) -> 0.049751654 | AB39: =L39-O39-M39-W39 -> 23.941971 | AC39: =AB39/K39 -> 1.5362031 | AD39: =K39*((1+DepRate*(1-DepTax))^E39-1) -> 2.988828 | AE39: =Y39-AD39 -> 3.319615
A40: 3 | B40: =INDEX(C_Name,A40) -> 신길 래미안에스티움 84㎡ | C40: 3 | D40: =CHOOSE(C40,G1,G2,G3) -> 0.06 | E40: 10 | F40: =MAX(0,E40-NonRes) -> 10 | G40: =INDEX(C_Price,A40) -> 18.8 | H40: =INDEX(C_Acq,A40) -> 0.6204 | I40: =INDEX(C_Fee,A40) -> 0.16476 | J40: =INDEX(C_Loan,A40) -> 4 | K40: =G40-J40+H40+I40 -> 15.58516 | L40: =G40*(1+D40)^E40 -> 33.667937 | M40: =L40*LOOKUP(L40,FeeLo,FeeR)*(1+VAT) -> 0.25924311 | N40: =-CUMIPMT(Rm,LoanYears*12,J40,1,E40*12,0) -> 1.4429518 | O40: =J40*(1+Rm)^(E40*12)-(J40*Rm/(1-(1+Rm)^(-LoanYears*12)))*((1+Rm)^(E40*12)-1)/Rm -> 3.1513584 | P40: =SUMIFS(Sch_Total,Sch_Idx,A40,Sch_Scen,C40,Sch_Year,"<="&E40) -> 0.76249685 | Q40: =H40+I40+M40 -> 1.0444031 | R40: =L40-G40-Q40 -> 13.823534 | S40: =MAX(0,IF(F40>=2,IF(L40>Exempt,R40*(L40-Exempt)/L40,0),R40)) -> 8.8965194 | T40: =IF(F40>=2,MIN(MaxDed,MIN(0.4,HoldRate*E40)+MIN(0.4,LiveRate*F40)),IF(E40>=3,MIN(0.3,0.02*E40),0)) -> 0.8 | U40: =S40*(1-T40) -> 1.7793039 | V40: =MAX(0,U40-InitDed) -> 1.7543039 | W40: =SUMPRODUCT((V40>CLo)*(V40-CLo)*CD)*(1+LocalTax) -> 0.51395902 | X40: =H40+P40+W40 -> 1.8968559 | Y40: =(L40-G40)-H40-I40-M40-N40-P40-W40 -> 11.104126 | Z40: =Y40/K40 -> 0.71248071 | AA40: =IF(1+Z40>0,(1+Z40)^(1/E40)-1,-1) -> 0.055267514 | AB40: =L40-O40-M40-W40 -> 29.743376 | AC40: =AB40/K40 -> 1.9084421 | AD40: =K40*((1+DepRate*(1-DepTax))^E40-1) -> 4.4392481 | AE40: =Y40-AD40 -> 6.6648778
A41: 4 | B41: =INDEX(C_Name,A41) -> 신길 보라매SK뷰 84.98㎡ | C41: 1 | D41: =CHOOSE(C41,G1,G2,G3) -> 0.02 | E41: 3 | F41: =MAX(0,E41-NonRes) -> 3 | G41: =INDEX(C_Price,A41) -> 20.4 | H41: =INDEX(C_Acq,A41) -> 0.6732 | I41: =INDEX(C_Fee,A41) -> 0.17708 | J41: =INDEX(C_Loan,A41) -> 4 | K41: =G41-J41+H41+I41 -> 17.25028 | L41: =G41*(1+D41)^E41 -> 21.648643 | M41: =L41*LOOKUP(L41,FeeLo,FeeR)*(1+VAT) -> 0.16669455 | N41: =-CUMIPMT(Rm,LoanYears*12,J41,1,E41*12,0) -> 0.46742705 | O41: =J41*(1+Rm)^(E41*12)-(J41*Rm/(1-(1+Rm)^(-LoanYears*12)))*((1+Rm)^(E41*12)-1)/Rm -> 3.779949 | P41: =SUMIFS(Sch_Total,Sch_Idx,A41,Sch_Scen,C41,Sch_Year,"<="&E41) -> 0.16305235 | Q41: =H41+I41+M41 -> 1.0169746 | R41: =L41-G41-Q41 -> 0.23166865 | S41: =MAX(0,IF(F41>=2,IF(L41>Exempt,R41*(L41-Exempt)/L41,0),R41)) -> 0.10325304 | T41: =IF(F41>=2,MIN(MaxDed,MIN(0.4,HoldRate*E41)+MIN(0.4,LiveRate*F41)),IF(E41>=3,MIN(0.3,0.02*E41),0)) -> 0.24 | U41: =S41*(1-T41) -> 0.078472307 | V41: =MAX(0,U41-InitDed) -> 0.053472307 | W41: =SUMPRODUCT((V41>CLo)*(V41-CLo)*CD)*(1+LocalTax) -> 0.0035291722 | X41: =H41+P41+W41 -> 0.83978153 | Y41: =(L41-G41)-H41-I41-M41-N41-P41-W41 -> -0.40233993 | Z41: =Y41/K41 -> -0.023323675 | AA41: =IF(1+Z41>0,(1+Z41)^(1/E41)-1,-1) -> -0.0078357977 | AB41: =L41-O41-M41-W41 -> 17.69847 | AC41: =AB41/K41 -> 1.0259816 | AD41: =K41*((1+DepRate*(1-DepTax))^E41-1) -> 1.3470533 | AE41: =Y41-AD41 -> -1.7493933
A42: 4 | B42: =INDEX(C_Name,A42) -> 신길 보라매SK뷰 84.98㎡ | C42: 1 | D42: =CHOOSE(C42,G1,G2,G3) -> 0.02 | E42: 5 | F42: =MAX(0,E42-NonRes) -> 5 | G42: =INDEX(C_Price,A42) -> 20.4 | H42: =INDEX(C_Acq,A42) -> 0.6732 | I42: =INDEX(C_Fee,A42) -> 0.17708 | J42: =INDEX(C_Loan,A42) -> 4 | K42: =G42-J42+H42+I42 -> 17.25028 | L42: =G42*(1+D42)^E42 -> 22.523248 | M42: =L42*LOOKUP(L42,FeeLo,FeeR)*(1+VAT) -> 0.17342901 | N42: =-CUMIPMT(Rm,LoanYears*12,J42,1,E42*12,0) -> 0.76369723 | O42: =J42*(1+Rm)^(E42*12)-(J42*Rm/(1-(1+Rm)^(-LoanYears*12)))*((1+Rm)^(E42*12)-1)/Rm -> 3.6179005 | P42: =SUMIFS(Sch_Total,Sch_Idx,A42,Sch_Scen,C42,Sch_Year,"<="&E42) -> 0.28240515 | Q42: =H42+I42+M42 -> 1.023709 | R42: =L42-G42-Q42 -> 1.0995394 | S42: =MAX(0,IF(F42>=2,IF(L42>Exempt,R42*(L42-Exempt)/L42,0),R42)) -> 0.51372367 | T42: =IF(F42>=2,MIN(MaxDed,MIN(0.4,HoldRate*E42)+MIN(0.4,LiveRate*F42)),IF(E42>=3,MIN(0.3,0.02*E42),0)) -> 0.4 | U42: =S42*(1-T42) -> 0.3082342 | V42: =MAX(0,U42-InitDed) -> 0.2832342 | W42: =SUMPRODUCT((V42>CLo)*(V42-CLo)*CD)*(1+LocalTax) -> 0.032873644 | X42: =H42+P42+W42 -> 0.98847879 | Y42: =(L42-G42)-H42-I42-M42-N42-P42-W42 -> 0.020563347 | Z42: =Y42/K42 -> 0.0011920587 | AA42: =IF(1+Z42>0,(1+Z42)^(1/E42)-1,-1) -> 0.00023829815 | AB42: =L42-O42-M42-W42 -> 18.699045 | AC42: =AB42/K42 -> 1.083985 | AD42: =K42*((1+DepRate*(1-DepTax))^E42-1) -> 2.3030334 | AE42: =Y42-AD42 -> -2.28247
A43: 4 | B43: =INDEX(C_Name,A43) -> 신길 보라매SK뷰 84.98㎡ | C43: 1 | D43: =CHOOSE(C43,G1,G2,G3) -> 0.02 | E43: 7 | F43: =MAX(0,E43-NonRes) -> 7 | G43: =INDEX(C_Price,A43) -> 20.4 | H43: =INDEX(C_Acq,A43) -> 0.6732 | I43: =INDEX(C_Fee,A43) -> 0.17708 | J43: =INDEX(C_Loan,A43) -> 4 | K43: =G43-J43+H43+I43 -> 17.25028 | L43: =G43*(1+D43)^E43 -> 23.433188 | M43: =L43*LOOKUP(L43,FeeLo,FeeR)*(1+VAT) -> 0.18043554 | N43: =-CUMIPMT(Rm,LoanYears*12,J43,1,E43*12,0) -> 1.0464942 | O43: =J43*(1+Rm)^(E43*12)-(J43*Rm/(1-(1+Rm)^(-LoanYears*12)))*((1+Rm)^(E43*12)-1)/Rm -> 3.4423788 | P43: =SUMIFS(Sch_Total,Sch_Idx,A43,Sch_Scen,C43,Sch_Year,"<="&E43) -> 0.4106812 | Q43: =H43+I43+M43 -> 1.0307155 | R43: =L43-G43-Q43 -> 2.0024721 | S43: =MAX(0,IF(F43>=2,IF(L43>Exempt,R43*(L43-Exempt)/L43,0),R43)) -> 0.97701769 | T43: =IF(F43>=2,MIN(MaxDed,MIN(0.4,HoldRate*E43)+MIN(0.4,LiveRate*F43)),IF(E43>=3,MIN(0.3,0.02*E43),0)) -> 0.56 | U43: =S43*(1-T43) -> 0.42988779 | V43: =MAX(0,U43-InitDed) -> 0.40488779 | W43: =SUMPRODUCT((V43>CLo)*(V43-CLo)*CD)*(1+LocalTax) -> 0.052946485 | X43: =H43+P43+W43 -> 1.1368277 | Y43: =(L43-G43)-H43-I43-M43-N43-P43-W43 -> 0.49235016 | Z43: =Y43/K43 -> 0.028541575 | AA43: =IF(1+Z43>0,(1+Z43)^(1/E43)-1,-1) -> 0.0040283567 | AB43: =L43-O43-M43-W43 -> 19.757427 | AC43: =AB43/K43 -> 1.1453395 | AD43: =K43*((1+DepRate*(1-DepTax))^E43-1) -> 3.3081547 | AE43: =Y43-AD43 -> -2.8158045
A44: 4 | B44: =INDEX(C_Name,A44) -> 신길 보라매SK뷰 84.98㎡ | C44: 1 | D44: =CHOOSE(C44,G1,G2,G3) -> 0.02 | E44: 10 | F44: =MAX(0,E44-NonRes) -> 10 | G44: =INDEX(C_Price,A44) -> 20.4 | H44: =INDEX(C_Acq,A44) -> 0.6732 | I44: =INDEX(C_Fee,A44) -> 0.17708 | J44: =INDEX(C_Loan,A44) -> 4 | K44: =G44-J44+H44+I44 -> 17.25028 | L44: =G44*(1+D44)^E44 -> 24.867486 | M44: =L44*LOOKUP(L44,FeeLo,FeeR)*(1+VAT) -> 0.19147964 | N44: =-CUMIPMT(Rm,LoanYears*12,J44,1,E44*12,0) -> 1.4429518 | O44: =J44*(1+Rm)^(E44*12)-(J44*Rm/(1-(1+Rm)^(-LoanYears*12)))*((1+Rm)^(E44*12)-1)/Rm -> 3.1513584 | P44: =SUMIFS(Sch_Total,Sch_Idx,A44,Sch_Scen,C44,Sch_Year,"<="&E44) -> 0.62061896 | Q44: =H44+I44+M44 -> 1.0417596 | R44: =L44-G44-Q44 -> 3.4257265 | S44: =MAX(0,IF(F44>=2,IF(L44>Exempt,R44*(L44-Exempt)/L44,0),R44)) -> 1.7726154 | T44: =IF(F44>=2,MIN(MaxDed,MIN(0.4,HoldRate*E44)+MIN(0.4,LiveRate*F44)),IF(E44>=3,MIN(0.3,0.02*E44),0)) -> 0.8 | U44: =S44*(1-T44) -> 0.35452308 | V44: =MAX(0,U44-InitDed) -> 0.32952308 | W44: =SUMPRODUCT((V44>CLo)*(V44-CLo)*CD)*(1+LocalTax) -> 0.040511308 | X44: =H44+P44+W44 -> 1.3343303 | Y44: =(L44-G44)-H44-I44-M44-N44-P44-W44 -> 1.3216445 | Z44: =Y44/K44 -> 0.076615827 | AA44: =IF(1+Z44>0,(1+Z44)^(1/E44)-1,-1) -> 0.0074095789 | AB44: =L44-O44-M44-W44 -> 21.484137 | AC44: =AB44/K44 -> 1.245437 | AD44: =K44*((1+DepRate*(1-DepTax))^E44-1) -> 4.9135378 | AE44: =Y44-AD44 -> -3.5918933
A45: 4 | B45: =INDEX(C_Name,A45) -> 신길 보라매SK뷰 84.98㎡ | C45: 2 | D45: =CHOOSE(C45,G1,G2,G3) -> 0.04 | E45: 3 | F45: =MAX(0,E45-NonRes) -> 3 | G45: =INDEX(C_Price,A45) -> 20.4 | H45: =INDEX(C_Acq,A45) -> 0.6732 | I45: =INDEX(C_Fee,A45) -> 0.17708 | J45: =INDEX(C_Loan,A45) -> 4 | K45: =G45-J45+H45+I45 -> 17.25028 | L45: =G45*(1+D45)^E45 -> 22.947226 | M45: =L45*LOOKUP(L45,FeeLo,FeeR)*(1+VAT) -> 0.17669364 | N45: =-CUMIPMT(Rm,LoanYears*12,J45,1,E45*12,0) -> 0.46742705 | O45: =J45*(1+Rm)^(E45*12)-(J45*Rm/(1-(1+Rm)^(-LoanYears*12)))*((1+Rm)^(E45*12)-1)/Rm -> 3.779949 | P45: =SUMIFS(Sch_Total,Sch_Idx,A45,Sch_Scen,C45,Sch_Year,"<="&E45) -> 0.16935818 | Q45: =H45+I45+M45 -> 1.0269736 | R45: =L45-G45-Q45 -> 1.520252 | S45: =MAX(0,IF(F45>=2,IF(L45>Exempt,R45*(L45-Exempt)/L45,0),R45)) -> 0.72525287 | T45: =IF(F45>=2,MIN(MaxDed,MIN(0.4,HoldRate*E45)+MIN(0.4,LiveRate*F45)),IF(E45>=3,MIN(0.3,0.02*E45),0)) -> 0.24 | U45: =S45*(1-T45) -> 0.55119218 | V45: =MAX(0,U45-InitDed) -> 0.52619218 | W45: =SUMPRODUCT((V45>CLo)*(V45-CLo)*CD)*(1+LocalTax) -> 0.075554736 | X45: =H45+P45+W45 -> 0.91811291 | Y45: =(L45-G45)-H45-I45-M45-N45-P45-W45 -> 0.807912 | Z45: =Y45/K45 -> 0.046834718 | AA45: =IF(1+Z45>0,(1+Z45)^(1/E45)-1,-1) -> 0.015374002 | AB45: =L45-O45-M45-W45 -> 18.915028 | AC45: =AB45/K45 -> 1.0965056 | AD45: =K45*((1+DepRate*(1-DepTax))^E45-1) -> 1.3470533 | AE45: =Y45-AD45 -> -0.53914135
A46: 4 | B46: =INDEX(C_Name,A46) -> 신길 보라매SK뷰 84.98㎡ | C46: 2 | D46: =CHOOSE(C46,G1,G2,G3) -> 0.04 | E46: 5 | F46: =MAX(0,E46-NonRes) -> 5 | G46: =INDEX(C_Price,A46) -> 20.4 | H46: =INDEX(C_Acq,A46) -> 0.6732 | I46: =INDEX(C_Fee,A46) -> 0.17708 | J46: =INDEX(C_Loan,A46) -> 4 | K46: =G46-J46+H46+I46 -> 17.25028 | L46: =G46*(1+D46)^E46 -> 24.819719 | M46: =L46*LOOKUP(L46,FeeLo,FeeR)*(1+VAT) -> 0.19111184 | N46: =-CUMIPMT(Rm,LoanYears*12,J46,1,E46*12,0) -> 0.76369723 | O46: =J46*(1+Rm)^(E46*12)-(J46*Rm/(1-(1+Rm)^(-LoanYears*12)))*((1+Rm)^(E46*12)-1)/Rm -> 3.6179005 | P46: =SUMIFS(Sch_Total,Sch_Idx,A46,Sch_Scen,C46,Sch_Year,"<="&E46) -> 0.30427794 | Q46: =H46+I46+M46 -> 1.0413918 | R46: =L46-G46-Q46 -> 3.3783274 | S46: =MAX(0,IF(F46>=2,IF(L46>Exempt,R46*(L46-Exempt)/L46,0),R46)) -> 1.7449516 | T46: =IF(F46>=2,MIN(MaxDed,MIN(0.4,HoldRate*E46)+MIN(0.4,LiveRate*F46)),IF(E46>=3,MIN(0.3,0.02*E46),0)) -> 0.4 | U46: =S46*(1-T46) -> 1.0469709 | V46: =MAX(0,U46-InitDed) -> 1.0219709 | W46: =SUMPRODUCT((V46>CLo)*(V46-CLo)*CD)*(1+LocalTax) -> 0.22361882 | X46: =H46+P46+W46 -> 1.2010968 | Y46: =(L46-G46)-H46-I46-M46-N46-P46-W46 -> 2.0867334 | Z46: =Y46/K46 -> 0.12096809 | AA46: =IF(1+Z46>0,(1+Z46)^(1/E46)-1,-1) -> 0.023101331 | AB46: =L46-O46-M46-W46 -> 20.787088 | AC46: =AB46/K46 -> 1.205029 | AD46: =K46*((1+DepRate*(1-DepTax))^E46-1) -> 2.3030334 | AE46: =Y46-AD46 -> -0.21629998
A47: 4 | B47: =INDEX(C_Name,A47) -> 신길 보라매SK뷰 84.98㎡ | C47: 2 | D47: =CHOOSE(C47,G1,G2,G3) -> 0.04 | E47: 7 | F47: =MAX(0,E47-NonRes) -> 7 | G47: =INDEX(C_Price,A47) -> 20.4 | H47: =INDEX(C_Acq,A47) -> 0.6732 | I47: =INDEX(C_Fee,A47) -> 0.17708 | J47: =INDEX(C_Loan,A47) -> 4 | K47: =G47-J47+H47+I47 -> 17.25028 | L47: =G47*(1+D47)^E47 -> 26.845008 | M47: =L47*LOOKUP(L47,FeeLo,FeeR)*(1+VAT) -> 0.20670656 | N47: =-CUMIPMT(Rm,LoanYears*12,J47,1,E47*12,0) -> 1.0464942 | O47: =J47*(1+Rm)^(E47*12)-(J47*Rm/(1-(1+Rm)^(-LoanYears*12)))*((1+Rm)^(E47*12)-1)/Rm -> 3.4423788 | P47: =SUMIFS(Sch_Total,Sch_Idx,A47,Sch_Scen,C47,Sch_Year,"<="&E47) -> 0.45983938 | Q47: =H47+I47+M47 -> 1.0569866 | R47: =L47-G47-Q47 -> 5.3880217 | S47: =MAX(0,IF(F47>=2,IF(L47>Exempt,R47*(L47-Exempt)/L47,0),R47)) -> 2.9795196 | T47: =IF(F47>=2,MIN(MaxDed,MIN(0.4,HoldRate*E47)+MIN(0.4,LiveRate*F47)),IF(E47>=3,MIN(0.3,0.02*E47),0)) -> 0.56 | U47: =S47*(1-T47) -> 1.3109886 | V47: =MAX(0,U47-InitDed) -> 1.2859886 | W47: =SUMPRODUCT((V47>CLo)*(V47-CLo)*CD)*(1+LocalTax) -> 0.32526561 | X47: =H47+P47+W47 -> 1.458305 | Y47: =(L47-G47)-H47-I47-M47-N47-P47-W47 -> 3.5564225 | Z47: =Y47/K47 -> 0.20616607 | AA47: =IF(1+Z47>0,(1+Z47)^(1/E47)-1,-1) -> 0.027139869 | AB47: =L47-O47-M47-W47 -> 22.870657 | AC47: =AB47/K47 -> 1.3258137 | AD47: =K47*((1+DepRate*(1-DepTax))^E47-1) -> 3.3081547 | AE47: =Y47-AD47 -> 0.24826781
A48: 4 | B48: =INDEX(C_Name,A48) -> 신길 보라매SK뷰 84.98㎡ | C48: 2 | D48: =CHOOSE(C48,G1,G2,G3) -> 0.04 | E48: 10 | F48: =MAX(0,E48-NonRes) -> 10 | G48: =INDEX(C_Price,A48) -> 20.4 | H48: =INDEX(C_Acq,A48) -> 0.6732 | I48: =INDEX(C_Fee,A48) -> 0.17708 | J48: =INDEX(C_Loan,A48) -> 4 | K48: =G48-J48+H48+I48 -> 17.25028 | L48: =G48*(1+D48)^E48 -> 30.196983 | M48: =L48*LOOKUP(L48,FeeLo,FeeR)*(1+VAT) -> 0.23251677 | N48: =-CUMIPMT(Rm,LoanYears*12,J48,1,E48*12,0) -> 1.4429518 | O48: =J48*(1+Rm)^(E48*12)-(J48*Rm/(1-(1+Rm)^(-LoanYears*12)))*((1+Rm)^(E48*12)-1)/Rm -> 3.1513584 | P48: =SUMIFS(Sch_Total,Sch_Idx,A48,Sch_Scen,C48,Sch_Year,"<="&E48) -> 0.74063634 | Q48: =H48+I48+M48 -> 1.0827968 | R48: =L48-G48-Q48 -> 8.7141866 | S48: =MAX(0,IF(F48>=2,IF(L48>Exempt,R48*(L48-Exempt)/L48,0),R48)) -> 5.25125 | T48: =IF(F48>=2,MIN(MaxDed,MIN(0.4,HoldRate*E48)+MIN(0.4,LiveRate*F48)),IF(E48>=3,MIN(0.3,0.02*E48),0)) -> 0.8 | U48: =S48*(1-T48) -> 1.05025 | V48: =MAX(0,U48-InitDed) -> 1.02525 | W48: =SUMPRODUCT((V48>CLo)*(V48-CLo)*CD)*(1+LocalTax) -> 0.22488125 | X48: =H48+P48+W48 -> 1.6387176 | Y48: =(L48-G48)-H48-I48-M48-N48-P48-W48 -> 6.3057173 | Z48: =Y48/K48 -> 0.36554289 | AA48: =IF(1+Z48>0,(1+Z48)^(1/E48)-1,-1) -> 0.03164561 | AB48: =L48-O48-M48-W48 -> 26.588227 | AC48: =AB48/K48 -> 1.5413215 | AD48: =K48*((1+DepRate*(1-DepTax))^E48-1) -> 4.9135378 | AE48: =Y48-AD48 -> 1.3921794
A49: 4 | B49: =INDEX(C_Name,A49) -> 신길 보라매SK뷰 84.98㎡ | C49: 3 | D49: =CHOOSE(C49,G1,G2,G3) -> 0.06 | E49: 3 | F49: =MAX(0,E49-NonRes) -> 3 | G49: =INDEX(C_Price,A49) -> 20.4 | H49: =INDEX(C_Acq,A49) -> 0.6732 | I49: =INDEX(C_Fee,A49) -> 0.17708 | J49: =INDEX(C_Loan,A49) -> 4 | K49: =G49-J49+H49+I49 -> 17.25028 | L49: =G49*(1+D49)^E49 -> 24.296726 | M49: =L49*LOOKUP(L49,FeeLo,FeeR)*(1+VAT) -> 0.18708479 | N49: =-CUMIPMT(Rm,LoanYears*12,J49,1,E49*12,0) -> 0.46742705 | O49: =J49*(1+Rm)^(E49*12)-(J49*Rm/(1-(1+Rm)^(-LoanYears*12)))*((1+Rm)^(E49*12)-1)/Rm -> 3.779949 | P49: =SUMIFS(Sch_Total,Sch_Idx,A49,Sch_Scen,C49,Sch_Year,"<="&E49) -> 0.17574643 | Q49: =H49+I49+M49 -> 1.0373648 | R49: =L49-G49-Q49 -> 2.8593616 | S49: =MAX(0,IF(F49>=2,IF(L49>Exempt,R49*(L49-Exempt)/L49,0),R49)) -> 1.4471409 | T49: =IF(F49>=2,MIN(MaxDed,MIN(0.4,HoldRate*E49)+MIN(0.4,LiveRate*F49)),IF(E49>=3,MIN(0.3,0.02*E49),0)) -> 0.24 | U49: =S49*(1-T49) -> 1.0998271 | V49: =MAX(0,U49-InitDed) -> 1.0748271 | W49: =SUMPRODUCT((V49>CLo)*(V49-CLo)*CD)*(1+LocalTax) -> 0.24396844 | X49: =H49+P49+W49 -> 1.0929149 | Y49: =(L49-G49)-H49-I49-M49-N49-P49-W49 -> 1.9722197 | Z49: =Y49/K49 -> 0.11432972 | AA49: =IF(1+Z49>0,(1+Z49)^(1/E49)-1,-1) -> 0.036743301 | AB49: =L49-O49-M49-W49 -> 20.085724 | AC49: =AB49/K49 -> 1.1643709 | AD49: =K49*((1+DepRate*(1-DepTax))^E49-1) -> 1.3470533 | AE49: =Y49-AD49 -> 0.62516635
A50: 4 | B50: =INDEX(C_Name,A50) -> 신길 보라매SK뷰 84.98㎡ | C50: 3 | D50: =CHOOSE(C50,G1,G2,G3) -> 0.06 | E50: 5 | F50: =MAX(0,E50-NonRes) -> 5 | G50: =INDEX(C_Price,A50) -> 20.4 | H50: =INDEX(C_Acq,A50) -> 0.6732 | I50: =INDEX(C_Fee,A50) -> 0.17708 | J50: =INDEX(C_Loan,A50) -> 4 | K50: =G50-J50+H50+I50 -> 17.25028 | L50: =G50*(1+D50)^E50 -> 27.299802 | M50: =L50*LOOKUP(L50,FeeLo,FeeR)*(1+VAT) -> 0.21020847 | N50: =-CUMIPMT(Rm,LoanYears*12,J50,1,E50*12,0) -> 0.76369723 | O50: =J50*(1+Rm)^(E50*12)-(J50*Rm/(1-(1+Rm)^(-LoanYears*12)))*((1+Rm)^(E50*12)-1)/Rm -> 3.6179005 | P50: =SUMIFS(Sch_Total,Sch_Idx,A50,Sch_Scen,C50,Sch_Year,"<="&E50) -> 0.32813502 | Q50: =H50+I50+M50 -> 1.0604885 | R50: =L50-G50-Q50 -> 5.8393133 | S50: =MAX(0,IF(F50>=2,IF(L50>Exempt,R50*(L50-Exempt)/L50,0),R50)) -> 3.2725635 | T50: =IF(F50>=2,MIN(MaxDed,MIN(0.4,HoldRate*E50)+MIN(0.4,LiveRate*F50)),IF(E50>=3,MIN(0.3,0.02*E50),0)) -> 0.4 | U50: =S50*(1-T50) -> 1.9635381 | V50: =MAX(0,U50-InitDed) -> 1.9385381 | W50: =SUMPRODUCT((V50>CLo)*(V50-CLo)*CD)*(1+LocalTax) -> 0.59096894 | X50: =H50+P50+W50 -> 1.592304 | Y50: =(L50-G50)-H50-I50-M50-N50-P50-W50 -> 4.1565121 | Z50: =Y50/K50 -> 0.24095331 | AA50: =IF(1+Z50>0,(1+Z50)^(1/E50)-1,-1) -> 0.04412162 | AB50: =L50-O50-M50-W50 -> 22.880724 | AC50: =AB50/K50 -> 1.3263972 | AD50: =K50*((1+DepRate*(1-DepTax))^E50-1) -> 2.3030334 | AE50: =Y50-AD50 -> 1.8534788
A51: 4 | B51: =INDEX(C_Name,A51) -> 신길 보라매SK뷰 84.98㎡ | C51: 3 | D51: =CHOOSE(C51,G1,G2,G3) -> 0.06 | E51: 7 | F51: =MAX(0,E51-NonRes) -> 7 | G51: =INDEX(C_Price,A51) -> 20.4 | H51: =INDEX(C_Acq,A51) -> 0.6732 | I51: =INDEX(C_Fee,A51) -> 0.17708 | J51: =INDEX(C_Loan,A51) -> 4 | K51: =G51-J51+H51+I51 -> 17.25028 | L51: =G51*(1+D51)^E51 -> 30.674057 | M51: =L51*LOOKUP(L51,FeeLo,FeeR)*(1+VAT) -> 0.23619024 | N51: =-CUMIPMT(Rm,LoanYears*12,J51,1,E51*12,0) -> 1.0464942 | O51: =J51*(1+Rm)^(E51*12)-(J51*Rm/(1-(1+Rm)^(-LoanYears*12)))*((1+Rm)^(E51*12)-1)/Rm -> 3.4423788 | P51: =SUMIFS(Sch_Total,Sch_Idx,A51,Sch_Scen,C51,Sch_Year,"<="&E51) -> 0.51757751 | Q51: =H51+I51+M51 -> 1.0864702 | R51: =L51-G51-Q51 -> 9.187587 | S51: =MAX(0,IF(F51>=2,IF(L51>Exempt,R51*(L51-Exempt)/L51,0),R51)) -> 5.5933105 | T51: =IF(F51>=2,MIN(MaxDed,MIN(0.4,HoldRate*E51)+MIN(0.4,LiveRate*F51)),IF(E51>=3,MIN(0.3,0.02*E51),0)) -> 0.56 | U51: =S51*(1-T51) -> 2.4610566 | V51: =MAX(0,U51-InitDed) -> 2.4360566 | W51: =SUMPRODUCT((V51>CLo)*(V51-CLo)*CD)*(1+LocalTax) -> 0.79893167 | X51: =H51+P51+W51 -> 1.9897092 | Y51: =(L51-G51)-H51-I51-M51-N51-P51-W51 -> 6.8245836 | Z51: =Y51/K51 -> 0.39562161 | AA51: =IF(1+Z51>0,(1+Z51)^(1/E51)-1,-1) -> 0.048772034 | AB51: =L51-O51-M51-W51 -> 26.196557 | AC51: =AB51/K51 -> 1.5186163 | AD51: =K51*((1+DepRate*(1-DepTax))^E51-1) -> 3.3081547 | AE51: =Y51-AD51 -> 3.5164289
A52: 4 | B52: =INDEX(C_Name,A52) -> 신길 보라매SK뷰 84.98㎡ | C52: 3 | D52: =CHOOSE(C52,G1,G2,G3) -> 0.06 | E52: 10 | F52: =MAX(0,E52-NonRes) -> 10 | G52: =INDEX(C_Price,A52) -> 20.4 | H52: =INDEX(C_Acq,A52) -> 0.6732 | I52: =INDEX(C_Fee,A52) -> 0.17708 | J52: =INDEX(C_Loan,A52) -> 4 | K52: =G52-J52+H52+I52 -> 17.25028 | L52: =G52*(1+D52)^E52 -> 36.533293 | M52: =L52*LOOKUP(L52,FeeLo,FeeR)*(1+VAT) -> 0.28130636 | N52: =-CUMIPMT(Rm,LoanYears*12,J52,1,E52*12,0) -> 1.4429518 | O52: =J52*(1+Rm)^(E52*12)-(J52*Rm/(1-(1+Rm)^(-LoanYears*12)))*((1+Rm)^(E52*12)-1)/Rm -> 3.1513584 | P52: =SUMIFS(Sch_Total,Sch_Idx,A52,Sch_Scen,C52,Sch_Year,"<="&E52) -> 0.88690372 | Q52: =H52+I52+M52 -> 1.1315864 | R52: =L52-G52-Q52 -> 15.001707 | S52: =MAX(0,IF(F52>=2,IF(L52>Exempt,R52*(L52-Exempt)/L52,0),R52)) -> 10.074133 | T52: =IF(F52>=2,MIN(MaxDed,MIN(0.4,HoldRate*E52)+MIN(0.4,LiveRate*F52)),IF(E52>=3,MIN(0.3,0.02*E52),0)) -> 0.8 | U52: =S52*(1-T52) -> 2.0148267 | V52: =MAX(0,U52-InitDed) -> 1.9898267 | W52: =SUMPRODUCT((V52>CLo)*(V52-CLo)*CD)*(1+LocalTax) -> 0.61240755 | X52: =H52+P52+W52 -> 2.1725113 | Y52: =(L52-G52)-H52-I52-M52-N52-P52-W52 -> 12.059444 | Z52: =Y52/K52 -> 0.69908683 | AA52: =IF(1+Z52>0,(1+Z52)^(1/E52)-1,-1) -> 0.054439235 | AB52: =L52-O52-M52-W52 -> 32.488221 | AC52: =AB52/K52 -> 1.8833445 | AD52: =K52*((1+DepRate*(1-DepTax))^E52-1) -> 4.9135378 | AE52: =Y52-AD52 -> 7.1459058
A53: 5 | B53: =INDEX(C_Name,A53) -> 본동 래미안트윈파크 (32평형) | C53: 1 | D53: =CHOOSE(C53,G1,G2,G3) -> 0.02 | E53: 3 | F53: =MAX(0,E53-NonRes) -> 3 | G53: =INDEX(C_Price,A53) -> 24.2 | H53: =INDEX(C_Acq,A53) -> 0.7986 | I53: =INDEX(C_Fee,A53) -> 0.20634 | J53: =INDEX(C_Loan,A53) -> 4 | K53: =G53-J53+H53+I53 -> 21.20494 | L53: =G53*(1+D53)^E53 -> 25.681234 | M53: =L53*LOOKUP(L53,FeeLo,FeeR)*(1+VAT) -> 0.1977455 | N53: =-CUMIPMT(Rm,LoanYears*12,J53,1,E53*12,0) -> 0.46742705 | O53: =J53*(1+Rm)^(E53*12)-(J53*Rm/(1-(1+Rm)^(-LoanYears*12)))*((1+Rm)^(E53*12)-1)/Rm -> 3.779949 | P53: =SUMIFS(Sch_Total,Sch_Idx,A53,Sch_Scen,C53,Sch_Year,"<="&E53) -> 0.2223733 | Q53: =H53+I53+M53 -> 1.2026855 | R53: =L53-G53-Q53 -> 0.2785481 | S53: =MAX(0,IF(F53>=2,IF(L53>Exempt,R53*(L53-Exempt)/L53,0),R53)) -> 0.14839169 | T53: =IF(F53>=2,MIN(MaxDed,MIN(0.4,HoldRate*E53)+MIN(0.4,LiveRate*F53)),IF(E53>=3,MIN(0.3,0.02*E53),0)) -> 0.24 | U53: =S53*(1-T53) -> 0.11277768 | V53: =MAX(0,U53-InitDed) -> 0.087777684 | W53: =SUMPRODUCT((V53>CLo)*(V53-CLo)*CD)*(1+LocalTax) -> 0.0057933271 | X53: =H53+P53+W53 -> 1.0267666 | Y53: =(L53-G53)-H53-I53-M53-N53-P53-W53 -> -0.41704557 | Z53: =Y53/K53 -> -0.019667378 | AA53: =IF(1+Z53>0,(1+Z53)^(1/E53)-1,-1) -> -0.006599247 | AB53: =L53-O53-M53-W53 -> 21.697746 | AC53: =AB53/K53 -> 1.0232401 | AD53: =K53*((1+DepRate*(1-DepTax))^E53-1) -> 1.6558679 | AE53: =Y53-AD53 -> -2.0729135
A54: 5 | B54: =INDEX(C_Name,A54) -> 본동 래미안트윈파크 (32평형) | C54: 1 | D54: =CHOOSE(C54,G1,G2,G3) -> 0.02 | E54: 5 | F54: =MAX(0,E54-NonRes) -> 5 | G54: =INDEX(C_Price,A54) -> 24.2 | H54: =INDEX(C_Acq,A54) -> 0.7986 | I54: =INDEX(C_Fee,A54) -> 0.20634 | J54: =INDEX(C_Loan,A54) -> 4 | K54: =G54-J54+H54+I54 -> 21.20494 | L54: =G54*(1+D54)^E54 -> 26.718755 | M54: =L54*LOOKUP(L54,FeeLo,FeeR)*(1+VAT) -> 0.20573442 | N54: =-CUMIPMT(Rm,LoanYears*12,J54,1,E54*12,0) -> 0.76369723 | O54: =J54*(1+Rm)^(E54*12)-(J54*Rm/(1-(1+Rm)^(-LoanYears*12)))*((1+Rm)^(E54*12)-1)/Rm -> 3.6179005 | P54: =SUMIFS(Sch_Total,Sch_Idx,A54,Sch_Scen,C54,Sch_Year,"<="&E54) -> 0.38545315 | Q54: =H54+I54+M54 -> 1.2106744 | R54: =L54-G54-Q54 -> 1.308081 | S54: =MAX(0,IF(F54>=2,IF(L54>Exempt,R54*(L54-Exempt)/L54,0),R54)) -> 0.72059212 | T54: =IF(F54>=2,MIN(MaxDed,MIN(0.4,HoldRate*E54)+MIN(0.4,LiveRate*F54)),IF(E54>=3,MIN(0.3,0.02*E54),0)) -> 0.4 | U54: =S54*(1-T54) -> 0.43235527 | V54: =MAX(0,U54-InitDed) -> 0.40735527 | W54: =SUMPRODUCT((V54>CLo)*(V54-CLo)*CD)*(1+LocalTax) -> 0.05335362 | X54: =H54+P54+W54 -> 1.2374068 | Y54: =(L54-G54)-H54-I54-M54-N54-P54-W54 -> 0.10557702 | Z54: =Y54/K54 -> 0.0049788878 | AA54: =IF(1+Z54>0,(1+Z54)^(1/E54)-1,-1) -> 0.00099380032 | AB54: =L54-O54-M54-W54 -> 22.841767 | AC54: =AB54/K54 -> 1.0771908 | AD54: =K54*((1+DepRate*(1-DepTax))^E54-1) -> 2.8310082 | AE54: =Y54-AD54 -> -2.7254312
A55: 5 | B55: =INDEX(C_Name,A55) -> 본동 래미안트윈파크 (32평형) | C55: 1 | D55: =CHOOSE(C55,G1,G2,G3) -> 0.02 | E55: 7 | F55: =MAX(0,E55-NonRes) -> 7 | G55: =INDEX(C_Price,A55) -> 24.2 | H55: =INDEX(C_Acq,A55) -> 0.7986 | I55: =INDEX(C_Fee,A55) -> 0.20634 | J55: =INDEX(C_Loan,A55) -> 4 | K55: =G55-J55+H55+I55 -> 21.20494 | L55: =G55*(1+D55)^E55 -> 27.798193 | M55: =L55*LOOKUP(L55,FeeLo,FeeR)*(1+VAT) -> 0.21404609 | N55: =-CUMIPMT(Rm,LoanYears*12,J55,1,E55*12,0) -> 1.0464942 | O55: =J55*(1+Rm)^(E55*12)-(J55*Rm/(1-(1+Rm)^(-LoanYears*12)))*((1+Rm)^(E55*12)-1)/Rm -> 3.4423788 | P55: =SUMIFS(Sch_Total,Sch_Idx,A55,Sch_Scen,C55,Sch_Year,"<="&E55) -> 0.56120082 | Q55: =H55+I55+M55 -> 1.2189861 | R55: =L55-G55-Q55 -> 2.3792071 | S55: =MAX(0,IF(F55>=2,IF(L55>Exempt,R55*(L55-Exempt)/L55,0),R55)) -> 1.3521445 | T55: =IF(F55>=2,MIN(MaxDed,MIN(0.4,HoldRate*E55)+MIN(0.4,LiveRate*F55)),IF(E55>=3,MIN(0.3,0.02*E55),0)) -> 0.56 | U55: =S55*(1-T55) -> 0.59494356 | V55: =MAX(0,U55-InitDed) -> 0.56994356 | W55: =SUMPRODUCT((V55>CLo)*(V55-CLo)*CD)*(1+LocalTax) -> 0.0871051 | X55: =H55+P55+W55 -> 1.4469059 | Y55: =(L55-G55)-H55-I55-M55-N55-P55-W55 -> 0.68440692 | Z55: =Y55/K55 -> 0.032275825 | AA55: =IF(1+Z55>0,(1+Z55)^(1/E55)-1,-1) -> 0.0045482984 | AB55: =L55-O55-M55-W55 -> 24.054663 | AC55: =AB55/K55 -> 1.1343896 | AD55: =K55*((1+DepRate*(1-DepTax))^E55-1) -> 4.0665556 | AE55: =Y55-AD55 -> -3.3821486
A56: 5 | B56: =INDEX(C_Name,A56) -> 본동 래미안트윈파크 (32평형) | C56: 1 | D56: =CHOOSE(C56,G1,G2,G3) -> 0.02 | E56: 10 | F56: =MAX(0,E56-NonRes) -> 10 | G56: =INDEX(C_Price,A56) -> 24.2 | H56: =INDEX(C_Acq,A56) -> 0.7986 | I56: =INDEX(C_Fee,A56) -> 0.20634 | J56: =INDEX(C_Loan,A56) -> 4 | K56: =G56-J56+H56+I56 -> 21.20494 | L56: =G56*(1+D56)^E56 -> 29.499665 | M56: =L56*LOOKUP(L56,FeeLo,FeeR)*(1+VAT) -> 0.22714742 | N56: =-CUMIPMT(Rm,LoanYears*12,J56,1,E56*12,0) -> 1.4429518 | O56: =J56*(1+Rm)^(E56*12)-(J56*Rm/(1-(1+Rm)^(-LoanYears*12)))*((1+Rm)^(E56*12)-1)/Rm -> 3.1513584 | P56: =SUMIFS(Sch_Total,Sch_Idx,A56,Sch_Scen,C56,Sch_Year,"<="&E56) -> 0.84969963 | Q56: =H56+I56+M56 -> 1.2320874 | R56: =L56-G56-Q56 -> 4.0675775 | S56: =MAX(0,IF(F56>=2,IF(L56>Exempt,R56*(L56-Exempt)/L56,0),R56)) -> 2.4129509 | T56: =IF(F56>=2,MIN(MaxDed,MIN(0.4,HoldRate*E56)+MIN(0.4,LiveRate*F56)),IF(E56>=3,MIN(0.3,0.02*E56),0)) -> 0.8 | U56: =S56*(1-T56) -> 0.48259019 | V56: =MAX(0,U56-InitDed) -> 0.45759019 | W56: =SUMPRODUCT((V56>CLo)*(V56-CLo)*CD)*(1+LocalTax) -> 0.061642381 | X56: =H56+P56+W56 -> 1.709942 | Y56: =(L56-G56)-H56-I56-M56-N56-P56-W56 -> 1.7132838 | Z56: =Y56/K56 -> 0.080796444 | AA56: =IF(1+Z56>0,(1+Z56)^(1/E56)-1,-1) -> 0.0078000852 | AB56: =L56-O56-M56-W56 -> 26.059517 | AC56: =AB56/K56 -> 1.2289361 | AD56: =K56*((1+DepRate*(1-DepTax))^E56-1) -> 6.0399758 | AE56: =Y56-AD56 -> -4.3266921
A57: 5 | B57: =INDEX(C_Name,A57) -> 본동 래미안트윈파크 (32평형) | C57: 2 | D57: =CHOOSE(C57,G1,G2,G3) -> 0.04 | E57: 3 | F57: =MAX(0,E57-NonRes) -> 3 | G57: =INDEX(C_Price,A57) -> 24.2 | H57: =INDEX(C_Acq,A57) -> 0.7986 | I57: =INDEX(C_Fee,A57) -> 0.20634 | J57: =INDEX(C_Loan,A57) -> 4 | K57: =G57-J57+H57+I57 -> 21.20494 | L57: =G57*(1+D57)^E57 -> 27.221709 | M57: =L57*LOOKUP(L57,FeeLo,FeeR)*(1+VAT) -> 0.20960716 | N57: =-CUMIPMT(Rm,LoanYears*12,J57,1,E57*12,0) -> 0.46742705 | O57: =J57*(1+Rm)^(E57*12)-(J57*Rm/(1-(1+Rm)^(-LoanYears*12)))*((1+Rm)^(E57*12)-1)/Rm -> 3.779949 | P57: =SUMIFS(Sch_Total,Sch_Idx,A57,Sch_Scen,C57,Sch_Year,"<="&E57) -> 0.2313253 | Q57: =H57+I57+M57 -> 1.2145472 | R57: =L57-G57-Q57 -> 1.8071616 | S57: =MAX(0,IF(F57>=2,IF(L57>Exempt,R57*(L57-Exempt)/L57,0),R57)) -> 1.0105203 | T57: =IF(F57>=2,MIN(MaxDed,MIN(0.4,HoldRate*E57)+MIN(0.4,LiveRate*F57)),IF(E57>=3,MIN(0.3,0.02*E57),0)) -> 0.24 | U57: =S57*(1-T57) -> 0.7679954 | V57: =MAX(0,U57-InitDed) -> 0.7429954 | W57: =SUMPRODUCT((V57>CLo)*(V57-CLo)*CD)*(1+LocalTax) -> 0.13279079 | X57: =H57+P57+W57 -> 1.1627161 | Y57: =(L57-G57)-H57-I57-M57-N57-P57-W57 -> 0.97561851 | Z57: =Y57/K57 -> 0.04600902 | AA57: =IF(1+Z57>0,(1+Z57)^(1/E57)-1,-1) -> 0.01510697 | AB57: =L57-O57-M57-W57 -> 23.099362 | AC57: =AB57/K57 -> 1.0893387 | AD57: =K57*((1+DepRate*(1-DepTax))^E57-1) -> 1.6558679 | AE57: =Y57-AD57 -> -0.68024942
A58: 5 | B58: =INDEX(C_Name,A58) -> 본동 래미안트윈파크 (32평형) | C58: 2 | D58: =CHOOSE(C58,G1,G2,G3) -> 0.04 | E58: 5 | F58: =MAX(0,E58-NonRes) -> 5 | G58: =INDEX(C_Price,A58) -> 24.2 | H58: =INDEX(C_Acq,A58) -> 0.7986 | I58: =INDEX(C_Fee,A58) -> 0.20634 | J58: =INDEX(C_Loan,A58) -> 4 | K58: =G58-J58+H58+I58 -> 21.20494 | L58: =G58*(1+D58)^E58 -> 29.443 | M58: =L58*LOOKUP(L58,FeeLo,FeeR)*(1+VAT) -> 0.2267111 | N58: =-CUMIPMT(Rm,LoanYears*12,J58,1,E58*12,0) -> 0.76369723 | O58: =J58*(1+Rm)^(E58*12)-(J58*Rm/(1-(1+Rm)^(-LoanYears*12)))*((1+Rm)^(E58*12)-1)/Rm -> 3.6179005 | P58: =SUMIFS(Sch_Total,Sch_Idx,A58,Sch_Scen,C58,Sch_Year,"<="&E58) -> 0.41650465 | Q58: =H58+I58+M58 -> 1.2316511 | R58: =L58-G58-Q58 -> 4.0113491 | S58: =MAX(0,IF(F58>=2,IF(L58>Exempt,R58*(L58-Exempt)/L58,0),R58)) -> 2.376455 | T58: =IF(F58>=2,MIN(MaxDed,MIN(0.4,HoldRate*E58)+MIN(0.4,LiveRate*F58)),IF(E58>=3,MIN(0.3,0.02*E58),0)) -> 0.4 | U58: =S58*(1-T58) -> 1.425873 | V58: =MAX(0,U58-InitDed) -> 1.400873 | W58: =SUMPRODUCT((V58>CLo)*(V58-CLo)*CD)*(1+LocalTax) -> 0.3694961 | X58: =H58+P58+W58 -> 1.5846007 | Y58: =(L58-G58)-H58-I58-M58-N58-P58-W58 -> 2.4616512 | Z58: =Y58/K58 -> 0.11608857 | AA58: =IF(1+Z58>0,(1+Z58)^(1/E58)-1,-1) -> 0.022209075 | AB58: =L58-O58-M58-W58 -> 25.228893 | AC58: =AB58/K58 -> 1.1897649 | AD58: =K58*((1+DepRate*(1-DepTax))^E58-1) -> 2.8310082 | AE58: =Y58-AD58 -> -0.36935704
A59: 5 | B59: =INDEX(C_Name,A59) -> 본동 래미안트윈파크 (32평형) | C59: 2 | D59: =CHOOSE(C59,G1,G2,G3) -> 0.04 | E59: 7 | F59: =MAX(0,E59-NonRes) -> 7 | G59: =INDEX(C_Price,A59) -> 24.2 | H59: =INDEX(C_Acq,A59) -> 0.7986 | I59: =INDEX(C_Fee,A59) -> 0.20634 | J59: =INDEX(C_Loan,A59) -> 4 | K59: =G59-J59+H59+I59 -> 21.20494 | L59: =G59*(1+D59)^E59 -> 31.845549 | M59: =L59*LOOKUP(L59,FeeLo,FeeR)*(1+VAT) -> 0.24521073 | N59: =-CUMIPMT(Rm,LoanYears*12,J59,1,E59*12,0) -> 1.0464942 | O59: =J59*(1+Rm)^(E59*12)-(J59*Rm/(1-(1+Rm)^(-LoanYears*12)))*((1+Rm)^(E59*12)-1)/Rm -> 3.4423788 | P59: =SUMIFS(Sch_Total,Sch_Idx,A59,Sch_Scen,C59,Sch_Year,"<="&E59) -> 0.6290738 | Q59: =H59+I59+M59 -> 1.2501507 | R59: =L59-G59-Q59 -> 6.3953983 | S59: =MAX(0,IF(F59>=2,IF(L59>Exempt,R59*(L59-Exempt)/L59,0),R59)) -> 3.9854923 | T59: =IF(F59>=2,MIN(MaxDed,MIN(0.4,HoldRate*E59)+MIN(0.4,LiveRate*F59)),IF(E59>=3,MIN(0.3,0.02*E59),0)) -> 0.56 | U59: =S59*(1-T59) -> 1.7536166 | V59: =MAX(0,U59-InitDed) -> 1.7286166 | W59: =SUMPRODUCT((V59>CLo)*(V59-CLo)*CD)*(1+LocalTax) -> 0.50322175 | X59: =H59+P59+W59 -> 1.9308955 | Y59: =(L59-G59)-H59-I59-M59-N59-P59-W59 -> 4.2166086 | Z59: =Y59/K59 -> 0.19885029 | AA59: =IF(1+Z59>0,(1+Z59)^(1/E59)-1,-1) -> 0.026247557 | AB59: =L59-O59-M59-W59 -> 27.654738 | AC59: =AB59/K59 -> 1.3041649 | AD59: =K59*((1+DepRate*(1-DepTax))^E59-1) -> 4.0665556 | AE59: =Y59-AD59 -> 0.150053
A60: 5 | B60: =INDEX(C_Name,A60) -> 본동 래미안트윈파크 (32평형) | C60: 2 | D60: =CHOOSE(C60,G1,G2,G3) -> 0.04 | E60: 10 | F60: =MAX(0,E60-NonRes) -> 10 | G60: =INDEX(C_Price,A60) -> 24.2 | H60: =INDEX(C_Acq,A60) -> 0.7986 | I60: =INDEX(C_Fee,A60) -> 0.20634 | J60: =INDEX(C_Loan,A60) -> 4 | K60: =G60-J60+H60+I60 -> 21.20494 | L60: =G60*(1+D60)^E60 -> 35.821912 | M60: =L60*LOOKUP(L60,FeeLo,FeeR)*(1+VAT) -> 0.27582872 | N60: =-CUMIPMT(Rm,LoanYears*12,J60,1,E60*12,0) -> 1.4429518 | O60: =J60*(1+Rm)^(E60*12)-(J60*Rm/(1-(1+Rm)^(-LoanYears*12)))*((1+Rm)^(E60*12)-1)/Rm -> 3.1513584 | P60: =SUMIFS(Sch_Total,Sch_Idx,A60,Sch_Scen,C60,Sch_Year,"<="&E60) -> 1.0098786 | Q60: =H60+I60+M60 -> 1.2807687 | R60: =L60-G60-Q60 -> 10.341143 | S60: =MAX(0,IF(F60>=2,IF(L60>Exempt,R60*(L60-Exempt)/L60,0),R60)) -> 6.8769584 | T60: =IF(F60>=2,MIN(MaxDed,MIN(0.4,HoldRate*E60)+MIN(0.4,LiveRate*F60)),IF(E60>=3,MIN(0.3,0.02*E60),0)) -> 0.8 | U60: =S60*(1-T60) -> 1.3753917 | V60: =MAX(0,U60-InitDed) -> 1.3503917 | W60: =SUMPRODUCT((V60>CLo)*(V60-CLo)*CD)*(1+LocalTax) -> 0.35006079 | X60: =H60+P60+W60 -> 2.1585394 | Y60: =(L60-G60)-H60-I60-M60-N60-P60-W60 -> 7.5382518 | Z60: =Y60/K60 -> 0.35549508 | AA60: =IF(1+Z60>0,(1+Z60)^(1/E60)-1,-1) -> 0.030883989 | AB60: =L60-O60-M60-W60 -> 32.044664 | AC60: =AB60/K60 -> 1.5111886 | AD60: =K60*((1+DepRate*(1-DepTax))^E60-1) -> 6.0399758 | AE60: =Y60-AD60 -> 1.4982759
A61: 5 | B61: =INDEX(C_Name,A61) -> 본동 래미안트윈파크 (32평형) | C61: 3 | D61: =CHOOSE(C61,G1,G2,G3) -> 0.06 | E61: 3 | F61: =MAX(0,E61-NonRes) -> 3 | G61: =INDEX(C_Price,A61) -> 24.2 | H61: =INDEX(C_Acq,A61) -> 0.7986 | I61: =INDEX(C_Fee,A61) -> 0.20634 | J61: =INDEX(C_Loan,A61) -> 4 | K61: =G61-J61+H61+I61 -> 21.20494 | L61: =G61*(1+D61)^E61 -> 28.822587 | M61: =L61*LOOKUP(L61,FeeLo,FeeR)*(1+VAT) -> 0.22193392 | N61: =-CUMIPMT(Rm,LoanYears*12,J61,1,E61*12,0) -> 0.46742705 | O61: =J61*(1+Rm)^(E61*12)-(J61*Rm/(1-(1+Rm)^(-LoanYears*12)))*((1+Rm)^(E61*12)-1)/Rm -> 3.779949 | P61: =SUMIFS(Sch_Total,Sch_Idx,A61,Sch_Scen,C61,Sch_Year,"<="&E61) -> 0.24039431 | Q61: =H61+I61+M61 -> 1.2268739 | R61: =L61-G61-Q61 -> 3.3957133 | S61: =MAX(0,IF(F61>=2,IF(L61>Exempt,R61*(L61-Exempt)/L61,0),R61)) -> 1.9819415 | T61: =IF(F61>=2,MIN(MaxDed,MIN(0.4,HoldRate*E61)+MIN(0.4,LiveRate*F61)),IF(E61>=3,MIN(0.3,0.02*E61),0)) -> 0.24 | U61: =S61*(1-T61) -> 1.5062756 | V61: =MAX(0,U61-InitDed) -> 1.4812756 | W61: =SUMPRODUCT((V61>CLo)*(V61-CLo)*CD)*(1+LocalTax) -> 0.40045109 | X61: =H61+P61+W61 -> 1.4394454 | Y61: =(L61-G61)-H61-I61-M61-N61-P61-W61 -> 2.2874408 | Z61: =Y61/K61 -> 0.10787302 | AA61: =IF(1+Z61>0,(1+Z61)^(1/E61)-1,-1) -> 0.034737038 | AB61: =L61-O61-M61-W61 -> 24.420253 | AC61: =AB61/K61 -> 1.1516304 | AD61: =K61*((1+DepRate*(1-DepTax))^E61-1) -> 1.6558679 | AE61: =Y61-AD61 -> 0.63157289
A62: 5 | B62: =INDEX(C_Name,A62) -> 본동 래미안트윈파크 (32평형) | C62: 3 | D62: =CHOOSE(C62,G1,G2,G3) -> 0.06 | E62: 5 | F62: =MAX(0,E62-NonRes) -> 5 | G62: =INDEX(C_Price,A62) -> 24.2 | H62: =INDEX(C_Acq,A62) -> 0.7986 | I62: =INDEX(C_Fee,A62) -> 0.20634 | J62: =INDEX(C_Loan,A62) -> 4 | K62: =G62-J62+H62+I62 -> 21.20494 | L62: =G62*(1+D62)^E62 -> 32.385059 | M62: =L62*LOOKUP(L62,FeeLo,FeeR)*(1+VAT) -> 0.24936495 | N62: =-CUMIPMT(Rm,LoanYears*12,J62,1,E62*12,0) -> 0.76369723 | O62: =J62*(1+Rm)^(E62*12)-(J62*Rm/(1-(1+Rm)^(-LoanYears*12)))*((1+Rm)^(E62*12)-1)/Rm -> 3.6179005 | P62: =SUMIFS(Sch_Total,Sch_Idx,A62,Sch_Scen,C62,Sch_Year,"<="&E62) -> 0.44879772 | Q62: =H62+I62+M62 -> 1.254305 | R62: =L62-G62-Q62 -> 6.930754 | S62: =MAX(0,IF(F62>=2,IF(L62>Exempt,R62*(L62-Exempt)/L62,0),R62)) -> 4.3626238 | T62: =IF(F62>=2,MIN(MaxDed,MIN(0.4,HoldRate*E62)+MIN(0.4,LiveRate*F62)),IF(E62>=3,MIN(0.3,0.02*E62),0)) -> 0.4 | U62: =S62*(1-T62) -> 2.6175743 | V62: =MAX(0,U62-InitDed) -> 2.5925743 | W62: =SUMPRODUCT((V62>CLo)*(V62-CLo)*CD)*(1+LocalTax) -> 0.86435605 | X62: =H62+P62+W62 -> 2.1117538 | Y62: =(L62-G62)-H62-I62-M62-N62-P62-W62 -> 4.853903 | Z62: =Y62/K62 -> 0.22890435 | AA62: =IF(1+Z62>0,(1+Z62)^(1/E62)-1,-1) -> 0.042086132 | AB62: =L62-O62-M62-W62 -> 27.653437 | AC62: =AB62/K62 -> 1.3041035 | AD62: =K62*((1+DepRate*(1-DepTax))^E62-1) -> 2.8310082 | AE62: =Y62-AD62 -> 2.0228948
A63: 5 | B63: =INDEX(C_Name,A63) -> 본동 래미안트윈파크 (32평형) | C63: 3 | D63: =CHOOSE(C63,G1,G2,G3) -> 0.06 | E63: 7 | F63: =MAX(0,E63-NonRes) -> 7 | G63: =INDEX(C_Price,A63) -> 24.2 | H63: =INDEX(C_Acq,A63) -> 0.7986 | I63: =INDEX(C_Fee,A63) -> 0.20634 | J63: =INDEX(C_Loan,A63) -> 4 | K63: =G63-J63+H63+I63 -> 21.20494 | L63: =G63*(1+D63)^E63 -> 36.387852 | M63: =L63*LOOKUP(L63,FeeLo,FeeR)*(1+VAT) -> 0.28018646 | N63: =-CUMIPMT(Rm,LoanYears*12,J63,1,E63*12,0) -> 1.0464942 | O63: =J63*(1+Rm)^(E63*12)-(J63*Rm/(1-(1+Rm)^(-LoanYears*12)))*((1+Rm)^(E63*12)-1)/Rm -> 3.4423788 | P63: =SUMIFS(Sch_Total,Sch_Idx,A63,Sch_Scen,C63,Sch_Year,"<="&E63) -> 0.7059485 | Q63: =H63+I63+M63 -> 1.2851265 | R63: =L63-G63-Q63 -> 10.902726 | S63: =MAX(0,IF(F63>=2,IF(L63>Exempt,R63*(L63-Exempt)/L63,0),R63)) -> 7.3072207 | T63: =IF(F63>=2,MIN(MaxDed,MIN(0.4,HoldRate*E63)+MIN(0.4,LiveRate*F63)),IF(E63>=3,MIN(0.3,0.02*E63),0)) -> 0.56 | U63: =S63*(1-T63) -> 3.2151771 | V63: =MAX(0,U63-InitDed) -> 3.1901771 | W63: =SUMPRODUCT((V63>CLo)*(V63-CLo)*CD)*(1+LocalTax) -> 1.1183379 | X63: =H63+P63+W63 -> 2.6228864 | Y63: =(L63-G63)-H63-I63-M63-N63-P63-W63 -> 8.0319452 | Z63: =Y63/K63 -> 0.37877708 | AA63: =IF(1+Z63>0,(1+Z63)^(1/E63)-1,-1) -> 0.046954293 | AB63: =L63-O63-M63-W63 -> 31.546949 | AC63: =AB63/K63 -> 1.487717 | AD63: =K63*((1+DepRate*(1-DepTax))^E63-1) -> 4.0665556 | AE63: =Y63-AD63 -> 3.9653896
A64: 5 | B64: =INDEX(C_Name,A64) -> 본동 래미안트윈파크 (32평형) | C64: 3 | D64: =CHOOSE(C64,G1,G2,G3) -> 0.06 | E64: 10 | F64: =MAX(0,E64-NonRes) -> 10 | G64: =INDEX(C_Price,A64) -> 24.2 | H64: =INDEX(C_Acq,A64) -> 0.7986 | I64: =INDEX(C_Fee,A64) -> 0.20634 | J64: =INDEX(C_Loan,A64) -> 4 | K64: =G64-J64+H64+I64 -> 21.20494 | L64: =G64*(1+D64)^E64 -> 43.338514 | M64: =L64*LOOKUP(L64,FeeLo,FeeR)*(1+VAT) -> 0.33370656 | N64: =-CUMIPMT(Rm,LoanYears*12,J64,1,E64*12,0) -> 1.4429518 | O64: =J64*(1+Rm)^(E64*12)-(J64*Rm/(1-(1+Rm)^(-LoanYears*12)))*((1+Rm)^(E64*12)-1)/Rm -> 3.1513584 | P64: =SUMIFS(Sch_Total,Sch_Idx,A64,Sch_Scen,C64,Sch_Year,"<="&E64) -> 1.2105326 | Q64: =H64+I64+M64 -> 1.3386466 | R64: =L64-G64-Q64 -> 17.799868 | S64: =MAX(0,IF(F64>=2,IF(L64>Exempt,R64*(L64-Exempt)/L64,0),R64)) -> 12.871263 | T64: =IF(F64>=2,MIN(MaxDed,MIN(0.4,HoldRate*E64)+MIN(0.4,LiveRate*F64)),IF(E64>=3,MIN(0.3,0.02*E64),0)) -> 0.8 | U64: =S64*(1-T64) -> 2.5742526 | V64: =MAX(0,U64-InitDed) -> 2.5492526 | W64: =SUMPRODUCT((V64>CLo)*(V64-CLo)*CD)*(1+LocalTax) -> 0.84624757 | X64: =H64+P64+W64 -> 2.8553802 | Y64: =(L64-G64)-H64-I64-M64-N64-P64-W64 -> 14.300136 | Z64: =Y64/K64 -> 0.67437756 | AA64: =IF(1+Z64>0,(1+Z64)^(1/E64)-1,-1) -> 0.05289567 | AB64: =L64-O64-M64-W64 -> 39.007202 | AC64: =AB64/K64 -> 1.8395337 | AD64: =K64*((1+DepRate*(1-DepTax))^E64-1) -> 6.0399758 | AE64: =Y64-AD64 -> 8.2601599
A65: 6 | B65: =INDEX(C_Name,A65) -> 흑석 아크로리버하임 84.75㎡ | C65: 1 | D65: =CHOOSE(C65,G1,G2,G3) -> 0.02 | E65: 3 | F65: =MAX(0,E65-NonRes) -> 3 | G65: =INDEX(C_Price,A65) -> 28.75 | H65: =INDEX(C_Acq,A65) -> 0.94875 | I65: =INDEX(C_Fee,A65) -> 0.241375 | J65: =INDEX(C_Loan,A65) -> 2 | K65: =G65-J65+H65+I65 -> 27.940125 | L65: =G65*(1+D65)^E65 -> 30.50973 | M65: =L65*LOOKUP(L65,FeeLo,FeeR)*(1+VAT) -> 0.23492492 | N65: =-CUMIPMT(Rm,LoanYears*12,J65,1,E65*12,0) -> 0.23371352 | O65: =J65*(1+Rm)^(E65*12)-(J65*Rm/(1-(1+Rm)^(-LoanYears*12)))*((1+Rm)^(E65*12)-1)/Rm -> 1.8899745 | P65: =SUMIFS(Sch_Total,Sch_Idx,A65,Sch_Scen,C65,Sch_Year,"<="&E65) -> 0.3061056 | Q65: =H65+I65+M65 -> 1.4250499 | R65: =L65-G65-Q65 -> 0.33468008 | S65: =MAX(0,IF(F65>=2,IF(L65>Exempt,R65*(L65-Exempt)/L65,0),R65)) -> 0.20304466 | T65: =IF(F65>=2,MIN(MaxDed,MIN(0.4,HoldRate*E65)+MIN(0.4,LiveRate*F65)),IF(E65>=3,MIN(0.3,0.02*E65),0)) -> 0.24 | U65: =S65*(1-T65) -> 0.15431395 | V65: =MAX(0,U65-InitDed) -> 0.12931395 | W65: =SUMPRODUCT((V65>CLo)*(V65-CLo)*CD)*(1+LocalTax) -> 0.0085347204 | X65: =H65+P65+W65 -> 1.2633903 | Y65: =(L65-G65)-H65-I65-M65-N65-P65-W65 -> -0.21367377 | Z65: =Y65/K65 -> -0.0076475594 | AA65: =IF(1+Z65>0,(1+Z65)^(1/E65)-1,-1) -> -0.0025557126 | AB65: =L65-O65-M65-W65 -> 28.376296 | AC65: =AB65/K65 -> 1.0156109 | AD65: =K65*((1+DepRate*(1-DepTax))^E65-1) -> 2.1818103 | AE65: =Y65-AD65 -> -2.3954841
A66: 6 | B66: =INDEX(C_Name,A66) -> 흑석 아크로리버하임 84.75㎡ | C66: 1 | D66: =CHOOSE(C66,G1,G2,G3) -> 0.02 | E66: 5 | F66: =MAX(0,E66-NonRes) -> 5 | G66: =INDEX(C_Price,A66) -> 28.75 | H66: =INDEX(C_Acq,A66) -> 0.94875 | I66: =INDEX(C_Fee,A66) -> 0.241375 | J66: =INDEX(C_Loan,A66) -> 2 | K66: =G66-J66+H66+I66 -> 27.940125 | L66: =G66*(1+D66)^E66 -> 31.742323 | M66: =L66*LOOKUP(L66,FeeLo,FeeR)*(1+VAT) -> 0.24441589 | N66: =-CUMIPMT(Rm,LoanYears*12,J66,1,E66*12,0) -> 0.38184862 | O66: =J66*(1+Rm)^(E66*12)-(J66*Rm/(1-(1+Rm)^(-LoanYears*12)))*((1+Rm)^(E66*12)-1)/Rm -> 1.8089503 | P66: =SUMIFS(Sch_Total,Sch_Idx,A66,Sch_Scen,C66,Sch_Year,"<="&E66) -> 0.52813988 | Q66: =H66+I66+M66 -> 1.4345409 | R66: =L66-G66-Q66 -> 1.5577822 | S66: =MAX(0,IF(F66>=2,IF(L66>Exempt,R66*(L66-Exempt)/L66,0),R66)) -> 0.96887173 | T66: =IF(F66>=2,MIN(MaxDed,MIN(0.4,HoldRate*E66)+MIN(0.4,LiveRate*F66)),IF(E66>=3,MIN(0.3,0.02*E66),0)) -> 0.4 | U66: =S66*(1-T66) -> 0.58132304 | V66: =MAX(0,U66-InitDed) -> 0.55632304 | W66: =SUMPRODUCT((V66>CLo)*(V66-CLo)*CD)*(1+LocalTax) -> 0.083509282 | X66: =H66+P66+W66 -> 1.5603992 | Y66: =(L66-G66)-H66-I66-M66-N66-P66-W66 -> 0.56428442 | Z66: =Y66/K66 -> 0.020196202 | AA66: =IF(1+Z66>0,(1+Z66)^(1/E66)-1,-1) -> 0.0040069995 | AB66: =L66-O66-M66-W66 -> 29.605448 | AC66: =AB66/K66 -> 1.0596033 | AD66: =K66*((1+DepRate*(1-DepTax))^E66-1) -> 3.7302026 | AE66: =Y66-AD66 -> -3.1659182
A67: 6 | B67: =INDEX(C_Name,A67) -> 흑석 아크로리버하임 84.75㎡ | C67: 1 | D67: =CHOOSE(C67,G1,G2,G3) -> 0.02 | E67: 7 | F67: =MAX(0,E67-NonRes) -> 7 | G67: =INDEX(C_Price,A67) -> 28.75 | H67: =INDEX(C_Acq,A67) -> 0.94875 | I67: =INDEX(C_Fee,A67) -> 0.241375 | J67: =INDEX(C_Loan,A67) -> 2 | K67: =G67-J67+H67+I67 -> 27.940125 | L67: =G67*(1+D67)^E67 -> 33.024713 | M67: =L67*LOOKUP(L67,FeeLo,FeeR)*(1+VAT) -> 0.25429029 | N67: =-CUMIPMT(Rm,LoanYears*12,J67,1,E67*12,0) -> 0.52324711 | O67: =J67*(1+Rm)^(E67*12)-(J67*Rm/(1-(1+Rm)^(-LoanYears*12)))*((1+Rm)^(E67*12)-1)/Rm -> 1.7211894 | P67: =SUMIFS(Sch_Total,Sch_Idx,A67,Sch_Scen,C67,Sch_Year,"<="&E67) -> 0.76595868 | Q67: =H67+I67+M67 -> 1.4444153 | R67: =L67-G67-Q67 -> 2.8302977 | S67: =MAX(0,IF(F67>=2,IF(L67>Exempt,R67*(L67-Exempt)/L67,0),R67)) -> 1.8018687 | T67: =IF(F67>=2,MIN(MaxDed,MIN(0.4,HoldRate*E67)+MIN(0.4,LiveRate*F67)),IF(E67>=3,MIN(0.3,0.02*E67),0)) -> 0.56 | U67: =S67*(1-T67) -> 0.79282222 | V67: =MAX(0,U67-InitDed) -> 0.76782222 | W67: =SUMPRODUCT((V67>CLo)*(V67-CLo)*CD)*(1+LocalTax) -> 0.13934507 | X67: =H67+P67+W67 -> 1.8540537 | Y67: =(L67-G67)-H67-I67-M67-N67-P67-W67 -> 1.4017468 | Z67: =Y67/K67 -> 0.050169668 | AA67: =IF(1+Z67>0,(1+Z67)^(1/E67)-1,-1) -> 0.0070176145 | AB67: =L67-O67-M67-W67 -> 30.909888 | AC67: =AB67/K67 -> 1.1062903 | AD67: =K67*((1+DepRate*(1-DepTax))^E67-1) -> 5.3581887 | AE67: =Y67-AD67 -> -3.9564419
A68: 6 | B68: =INDEX(C_Name,A68) -> 흑석 아크로리버하임 84.75㎡ | C68: 1 | D68: =CHOOSE(C68,G1,G2,G3) -> 0.02 | E68: 10 | F68: =MAX(0,E68-NonRes) -> 10 | G68: =INDEX(C_Price,A68) -> 28.75 | H68: =INDEX(C_Acq,A68) -> 0.94875 | I68: =INDEX(C_Fee,A68) -> 0.241375 | J68: =INDEX(C_Loan,A68) -> 2 | K68: =G68-J68+H68+I68 -> 27.940125 | L68: =G68*(1+D68)^E68 -> 35.04609 | M68: =L68*LOOKUP(L68,FeeLo,FeeR)*(1+VAT) -> 0.26985489 | N68: =-CUMIPMT(Rm,LoanYears*12,J68,1,E68*12,0) -> 0.72147589 | O68: =J68*(1+Rm)^(E68*12)-(J68*Rm/(1-(1+Rm)^(-LoanYears*12)))*((1+Rm)^(E68*12)-1)/Rm -> 1.5756792 | P68: =SUMIFS(Sch_Total,Sch_Idx,A68,Sch_Scen,C68,Sch_Year,"<="&E68) -> 1.1592121 | Q68: =H68+I68+M68 -> 1.4599799 | R68: =L68-G68-Q68 -> 4.8361097 | S68: =MAX(0,IF(F68>=2,IF(L68>Exempt,R68*(L68-Exempt)/L68,0),R68)) -> 3.1801955 | T68: =IF(F68>=2,MIN(MaxDed,MIN(0.4,HoldRate*E68)+MIN(0.4,LiveRate*F68)),IF(E68>=3,MIN(0.3,0.02*E68),0)) -> 0.8 | U68: =S68*(1-T68) -> 0.6360391 | V68: =MAX(0,U68-InitDed) -> 0.6110391 | W68: =SUMPRODUCT((V68>CLo)*(V68-CLo)*CD)*(1+LocalTax) -> 0.097954323 | X68: =H68+P68+W68 -> 2.2059164 | Y68: =(L68-G68)-H68-I68-M68-N68-P68-W68 -> 2.8574674 | Z68: =Y68/K68 -> 0.1022711 | AA68: =IF(1+Z68>0,(1+Z68)^(1/E68)-1,-1) -> 0.0097848304 | AB68: =L68-O68-M68-W68 -> 33.102601 | AC68: =AB68/K68 -> 1.1847693 | AD68: =K68*((1+DepRate*(1-DepTax))^E68-1) -> 7.9584135 | AE68: =Y68-AD68 -> -5.1009461
A69: 6 | B69: =INDEX(C_Name,A69) -> 흑석 아크로리버하임 84.75㎡ | C69: 2 | D69: =CHOOSE(C69,G1,G2,G3) -> 0.04 | E69: 3 | F69: =MAX(0,E69-NonRes) -> 3 | G69: =INDEX(C_Price,A69) -> 28.75 | H69: =INDEX(C_Acq,A69) -> 0.94875 | I69: =INDEX(C_Fee,A69) -> 0.241375 | J69: =INDEX(C_Loan,A69) -> 2 | K69: =G69-J69+H69+I69 -> 27.940125 | L69: =G69*(1+D69)^E69 -> 32.33984 | M69: =L69*LOOKUP(L69,FeeLo,FeeR)*(1+VAT) -> 0.24901677 | N69: =-CUMIPMT(Rm,LoanYears*12,J69,1,E69*12,0) -> 0.23371352 | O69: =J69*(1+Rm)^(E69*12)-(J69*Rm/(1-(1+Rm)^(-LoanYears*12)))*((1+Rm)^(E69*12)-1)/Rm -> 1.8899745 | P69: =SUMIFS(Sch_Total,Sch_Idx,A69,Sch_Scen,C69,Sch_Year,"<="&E69) -> 0.31674072 | Q69: =H69+I69+M69 -> 1.4391418 | R69: =L69-G69-Q69 -> 2.1506982 | S69: =MAX(0,IF(F69>=2,IF(L69>Exempt,R69*(L69-Exempt)/L69,0),R69)) -> 1.3526615 | T69: =IF(F69>=2,MIN(MaxDed,MIN(0.4,HoldRate*E69)+MIN(0.4,LiveRate*F69)),IF(E69>=3,MIN(0.3,0.02*E69),0)) -> 0.24 | U69: =S69*(1-T69) -> 1.0280228 | V69: =MAX(0,U69-InitDed) -> 1.0030228 | W69: =SUMPRODUCT((V69>CLo)*(V69-CLo)*CD)*(1+LocalTax) -> 0.21632377 | X69: =H69+P69+W69 -> 1.4818145 | Y69: =(L69-G69)-H69-I69-M69-N69-P69-W69 -> 1.3839202 | Z69: =Y69/K69 -> 0.04953164 | AA69: =IF(1+Z69>0,(1+Z69)^(1/E69)-1,-1) -> 0.016245211 | AB69: =L69-O69-M69-W69 -> 29.984525 | AC69: =AB69/K69 -> 1.0731708 | AD69: =K69*((1+DepRate*(1-DepTax))^E69-1) -> 2.1818103 | AE69: =Y69-AD69 -> -0.7978901
A70: 6 | B70: =INDEX(C_Name,A70) -> 흑석 아크로리버하임 84.75㎡ | C70: 2 | D70: =CHOOSE(C70,G1,G2,G3) -> 0.04 | E70: 5 | F70: =MAX(0,E70-NonRes) -> 5 | G70: =INDEX(C_Price,A70) -> 28.75 | H70: =INDEX(C_Acq,A70) -> 0.94875 | I70: =INDEX(C_Fee,A70) -> 0.241375 | J70: =INDEX(C_Loan,A70) -> 2 | K70: =G70-J70+H70+I70 -> 27.940125 | L70: =G70*(1+D70)^E70 -> 34.978771 | M70: =L70*LOOKUP(L70,FeeLo,FeeR)*(1+VAT) -> 0.26933654 | N70: =-CUMIPMT(Rm,LoanYears*12,J70,1,E70*12,0) -> 0.38184862 | O70: =J70*(1+Rm)^(E70*12)-(J70*Rm/(1-(1+Rm)^(-LoanYears*12)))*((1+Rm)^(E70*12)-1)/Rm -> 1.8089503 | P70: =SUMIFS(Sch_Total,Sch_Idx,A70,Sch_Scen,C70,Sch_Year,"<="&E70) -> 0.56831614 | Q70: =H70+I70+M70 -> 1.4594615 | R70: =L70-G70-Q70 -> 4.7693094 | S70: =MAX(0,IF(F70>=2,IF(L70>Exempt,R70*(L70-Exempt)/L70,0),R70)) -> 3.1331252 | T70: =IF(F70>=2,MIN(MaxDed,MIN(0.4,HoldRate*E70)+MIN(0.4,LiveRate*F70)),IF(E70>=3,MIN(0.3,0.02*E70),0)) -> 0.4 | U70: =S70*(1-T70) -> 1.8798751 | V70: =MAX(0,U70-InitDed) -> 1.8548751 | W70: =SUMPRODUCT((V70>CLo)*(V70-CLo)*CD)*(1+LocalTax) -> 0.5559978 | X70: =H70+P70+W70 -> 2.0730639 | Y70: =(L70-G70)-H70-I70-M70-N70-P70-W70 -> 3.2631468 | Z70: =Y70/K70 -> 0.1167907 | AA70: =IF(1+Z70>0,(1+Z70)^(1/E70)-1,-1) -> 0.022337657 | AB70: =L70-O70-M70-W70 -> 32.344486 | AC70: =AB70/K70 -> 1.1576357 | AD70: =K70*((1+DepRate*(1-DepTax))^E70-1) -> 3.7302026 | AE70: =Y70-AD70 -> -0.46705578
A71: 6 | B71: =INDEX(C_Name,A71) -> 흑석 아크로리버하임 84.75㎡ | C71: 2 | D71: =CHOOSE(C71,G1,G2,G3) -> 0.04 | E71: 7 | F71: =MAX(0,E71-NonRes) -> 7 | G71: =INDEX(C_Price,A71) -> 28.75 | H71: =INDEX(C_Acq,A71) -> 0.94875 | I71: =INDEX(C_Fee,A71) -> 0.241375 | J71: =INDEX(C_Loan,A71) -> 2 | K71: =G71-J71+H71+I71 -> 27.940125 | L71: =G71*(1+D71)^E71 -> 37.833039 | M71: =L71*LOOKUP(L71,FeeLo,FeeR)*(1+VAT) -> 0.2913144 | N71: =-CUMIPMT(Rm,LoanYears*12,J71,1,E71*12,0) -> 0.52324711 | O71: =J71*(1+Rm)^(E71*12)-(J71*Rm/(1-(1+Rm)^(-LoanYears*12)))*((1+Rm)^(E71*12)-1)/Rm -> 1.7211894 | P71: =SUMIFS(Sch_Total,Sch_Idx,A71,Sch_Scen,C71,Sch_Year,"<="&E71) -> 0.86045455 | Q71: =H71+I71+M71 -> 1.4814394 | R71: =L71-G71-Q71 -> 7.6015993 | S71: =MAX(0,IF(F71>=2,IF(L71>Exempt,R71*(L71-Exempt)/L71,0),R71)) -> 5.1905005 | T71: =IF(F71>=2,MIN(MaxDed,MIN(0.4,HoldRate*E71)+MIN(0.4,LiveRate*F71)),IF(E71>=3,MIN(0.3,0.02*E71),0)) -> 0.56 | U71: =S71*(1-T71) -> 2.2838202 | V71: =MAX(0,U71-InitDed) -> 2.2588202 | W71: =SUMPRODUCT((V71>CLo)*(V71-CLo)*CD)*(1+LocalTax) -> 0.72484686 | X71: =H71+P71+W71 -> 2.5340514 | Y71: =(L71-G71)-H71-I71-M71-N71-P71-W71 -> 5.4930507 | Z71: =Y71/K71 -> 0.19660079 | AA71: =IF(1+Z71>0,(1+Z71)^(1/E71)-1,-1) -> 0.025972245 | AB71: =L71-O71-M71-W71 -> 35.095688 | AC71: =AB71/K71 -> 1.2561035 | AD71: =K71*((1+DepRate*(1-DepTax))^E71-1) -> 5.3581887 | AE71: =Y71-AD71 -> 0.134862
A72: 6 | B72: =INDEX(C_Name,A72) -> 흑석 아크로리버하임 84.75㎡ | C72: 2 | D72: =CHOOSE(C72,G1,G2,G3) -> 0.04 | E72: 10 | F72: =MAX(0,E72-NonRes) -> 10 | G72: =INDEX(C_Price,A72) -> 28.75 | H72: =INDEX(C_Acq,A72) -> 0.94875 | I72: =INDEX(C_Fee,A72) -> 0.241375 | J72: =INDEX(C_Loan,A72) -> 2 | K72: =G72-J72+H72+I72 -> 27.940125 | L72: =G72*(1+D72)^E72 -> 42.557023 | M72: =L72*LOOKUP(L72,FeeLo,FeeR)*(1+VAT) -> 0.32768908 | N72: =-CUMIPMT(Rm,LoanYears*12,J72,1,E72*12,0) -> 0.72147589 | O72: =J72*(1+Rm)^(E72*12)-(J72*Rm/(1-(1+Rm)^(-LoanYears*12)))*((1+Rm)^(E72*12)-1)/Rm -> 1.5756792 | P72: =SUMIFS(Sch_Total,Sch_Idx,A72,Sch_Scen,C72,Sch_Year,"<="&E72) -> 1.3820315 | Q72: =H72+I72+M72 -> 1.5178141 | R72: =L72-G72-Q72 -> 12.289209 | S72: =MAX(0,IF(F72>=2,IF(L72>Exempt,R72*(L72-Exempt)/L72,0),R72)) -> 8.8239642 | T72: =IF(F72>=2,MIN(MaxDed,MIN(0.4,HoldRate*E72)+MIN(0.4,LiveRate*F72)),IF(E72>=3,MIN(0.3,0.02*E72),0)) -> 0.8 | U72: =S72*(1-T72) -> 1.7647928 | V72: =MAX(0,U72-InitDed) -> 1.7397928 | W72: =SUMPRODUCT((V72>CLo)*(V72-CLo)*CD)*(1+LocalTax) -> 0.5078934 | X72: =H72+P72+W72 -> 2.8386749 | Y72: =(L72-G72)-H72-I72-M72-N72-P72-W72 -> 9.6778083 | Z72: =Y72/K72 -> 0.3463767 | AA72: =IF(1+Z72>0,(1+Z72)^(1/E72)-1,-1) -> 0.030188408 | AB72: =L72-O72-M72-W72 -> 40.145762 | AC72: =AB72/K72 -> 1.4368497 | AD72: =K72*((1+DepRate*(1-DepTax))^E72-1) -> 7.9584135 | AE72: =Y72-AD72 -> 1.7193948
A73: 6 | B73: =INDEX(C_Name,A73) -> 흑석 아크로리버하임 84.75㎡ | C73: 3 | D73: =CHOOSE(C73,G1,G2,G3) -> 0.06 | E73: 3 | F73: =MAX(0,E73-NonRes) -> 3 | G73: =INDEX(C_Price,A73) -> 28.75 | H73: =INDEX(C_Acq,A73) -> 0.94875 | I73: =INDEX(C_Fee,A73) -> 0.241375 | J73: =INDEX(C_Loan,A73) -> 2 | K73: =G73-J73+H73+I73 -> 27.940125 | L73: =G73*(1+D73)^E73 -> 34.24171 | M73: =L73*LOOKUP(L73,FeeLo,FeeR)*(1+VAT) -> 0.26366117 | N73: =-CUMIPMT(Rm,LoanYears*12,J73,1,E73*12,0) -> 0.23371352 | O73: =J73*(1+Rm)^(E73*12)-(J73*Rm/(1-(1+Rm)^(-LoanYears*12)))*((1+Rm)^(E73*12)-1)/Rm -> 1.8899745 | P73: =SUMIFS(Sch_Total,Sch_Idx,A73,Sch_Scen,C73,Sch_Year,"<="&E73) -> 0.32814 | Q73: =H73+I73+M73 -> 1.4537862 | R73: =L73-G73-Q73 -> 4.0379238 | S73: =MAX(0,IF(F73>=2,IF(L73>Exempt,R73*(L73-Exempt)/L73,0),R73)) -> 2.6228343 | T73: =IF(F73>=2,MIN(MaxDed,MIN(0.4,HoldRate*E73)+MIN(0.4,LiveRate*F73)),IF(E73>=3,MIN(0.3,0.02*E73),0)) -> 0.24 | U73: =S73*(1-T73) -> 1.9933541 | V73: =MAX(0,U73-InitDed) -> 1.9683541 | W73: =SUMPRODUCT((V73>CLo)*(V73-CLo)*CD)*(1+LocalTax) -> 0.603432 | X73: =H73+P73+W73 -> 1.880322 | Y73: =(L73-G73)-H73-I73-M73-N73-P73-W73 -> 2.8726383 | Z73: =Y73/K73 -> 0.10281408 | AA73: =IF(1+Z73>0,(1+Z73)^(1/E73)-1,-1) -> 0.033159645 | AB73: =L73-O73-M73-W73 -> 31.484642 | AC73: =AB73/K73 -> 1.1268612 | AD73: =K73*((1+DepRate*(1-DepTax))^E73-1) -> 2.1818103 | AE73: =Y73-AD73 -> 0.69082799
A74: 6 | B74: =INDEX(C_Name,A74) -> 흑석 아크로리버하임 84.75㎡ | C74: 3 | D74: =CHOOSE(C74,G1,G2,G3) -> 0.06 | E74: 5 | F74: =MAX(0,E74-NonRes) -> 5 | G74: =INDEX(C_Price,A74) -> 28.75 | H74: =INDEX(C_Acq,A74) -> 0.94875 | I74: =INDEX(C_Fee,A74) -> 0.241375 | J74: =INDEX(C_Loan,A74) -> 2 | K74: =G74-J74+H74+I74 -> 27.940125 | L74: =G74*(1+D74)^E74 -> 38.473985 | M74: =L74*LOOKUP(L74,FeeLo,FeeR)*(1+VAT) -> 0.29624969 | N74: =-CUMIPMT(Rm,LoanYears*12,J74,1,E74*12,0) -> 0.38184862 | O74: =J74*(1+Rm)^(E74*12)-(J74*Rm/(1-(1+Rm)^(-LoanYears*12)))*((1+Rm)^(E74*12)-1)/Rm -> 1.8089503 | P74: =SUMIFS(Sch_Total,Sch_Idx,A74,Sch_Scen,C74,Sch_Year,"<="&E74) -> 0.61410914 | Q74: =H74+I74+M74 -> 1.4863747 | R74: =L74-G74-Q74 -> 8.2376107 | S74: =MAX(0,IF(F74>=2,IF(L74>Exempt,R74*(L74-Exempt)/L74,0),R74)) -> 5.6683076 | T74: =IF(F74>=2,MIN(MaxDed,MIN(0.4,HoldRate*E74)+MIN(0.4,LiveRate*F74)),IF(E74>=3,MIN(0.3,0.02*E74),0)) -> 0.4 | U74: =S74*(1-T74) -> 3.4009846 | V74: =MAX(0,U74-InitDed) -> 3.3759846 | W74: =SUMPRODUCT((V74>CLo)*(V74-CLo)*CD)*(1+LocalTax) -> 1.2000932 | X74: =H74+P74+W74 -> 2.7629524 | Y74: =(L74-G74)-H74-I74-M74-N74-P74-W74 -> 6.0415597 | Z74: =Y74/K74 -> 0.21623238 | AA74: =IF(1+Z74>0,(1+Z74)^(1/E74)-1,-1) -> 0.039928097 | AB74: =L74-O74-M74-W74 -> 35.168692 | AC74: =AB74/K74 -> 1.2587164 | AD74: =K74*((1+DepRate*(1-DepTax))^E74-1) -> 3.7302026 | AE74: =Y74-AD74 -> 2.3113571
A75: 6 | B75: =INDEX(C_Name,A75) -> 흑석 아크로리버하임 84.75㎡ | C75: 3 | D75: =CHOOSE(C75,G1,G2,G3) -> 0.06 | E75: 7 | F75: =MAX(0,E75-NonRes) -> 7 | G75: =INDEX(C_Price,A75) -> 28.75 | H75: =INDEX(C_Acq,A75) -> 0.94875 | I75: =INDEX(C_Fee,A75) -> 0.241375 | J75: =INDEX(C_Loan,A75) -> 2 | K75: =G75-J75+H75+I75 -> 27.940125 | L75: =G75*(1+D75)^E75 -> 43.22937 | M75: =L75*LOOKUP(L75,FeeLo,FeeR)*(1+VAT) -> 0.33286615 | N75: =-CUMIPMT(Rm,LoanYears*12,J75,1,E75*12,0) -> 0.52324711 | O75: =J75*(1+Rm)^(E75*12)-(J75*Rm/(1-(1+Rm)^(-LoanYears*12)))*((1+Rm)^(E75*12)-1)/Rm -> 1.7211894 | P75: =SUMIFS(Sch_Total,Sch_Idx,A75,Sch_Scen,C75,Sch_Year,"<="&E75) -> 0.96577034 | Q75: =H75+I75+M75 -> 1.5229911 | R75: =L75-G75-Q75 -> 12.956379 | S75: =MAX(0,IF(F75>=2,IF(L75>Exempt,R75*(L75-Exempt)/L75,0),R75)) -> 9.3598298 | T75: =IF(F75>=2,MIN(MaxDed,MIN(0.4,HoldRate*E75)+MIN(0.4,LiveRate*F75)),IF(E75>=3,MIN(0.3,0.02*E75),0)) -> 0.56 | U75: =S75*(1-T75) -> 4.1183251 | V75: =MAX(0,U75-InitDed) -> 4.0933251 | W75: =SUMPRODUCT((V75>CLo)*(V75-CLo)*CD)*(1+LocalTax) -> 1.5157231 | X75: =H75+P75+W75 -> 3.4302434 | Y75: =(L75-G75)-H75-I75-M75-N75-P75-W75 -> 9.9516383 | Z75: =Y75/K75 -> 0.3561773 | AA75: =IF(1+Z75>0,(1+Z75)^(1/E75)-1,-1) -> 0.04448535 | AB75: =L75-O75-M75-W75 -> 39.659591 | AC75: =AB75/K75 -> 1.4194493 | AD75: =K75*((1+DepRate*(1-DepTax))^E75-1) -> 5.3581887 | AE75: =Y75-AD75 -> 4.5934496
A76: 6 | B76: =INDEX(C_Name,A76) -> 흑석 아크로리버하임 84.75㎡ | C76: 3 | D76: =CHOOSE(C76,G1,G2,G3) -> 0.06 | E76: 10 | F76: =MAX(0,E76-NonRes) -> 10 | G76: =INDEX(C_Price,A76) -> 28.75 | H76: =INDEX(C_Acq,A76) -> 0.94875 | I76: =INDEX(C_Fee,A76) -> 0.241375 | J76: =INDEX(C_Loan,A76) -> 2 | K76: =G76-J76+H76+I76 -> 27.940125 | L76: =G76*(1+D76)^E76 -> 51.486871 | M76: =L76*LOOKUP(L76,FeeLo,FeeR)*(1+VAT) -> 0.39644891 | N76: =-CUMIPMT(Rm,LoanYears*12,J76,1,E76*12,0) -> 0.72147589 | O76: =J76*(1+Rm)^(E76*12)-(J76*Rm/(1-(1+Rm)^(-LoanYears*12)))*((1+Rm)^(E76*12)-1)/Rm -> 1.5756792 | P76: =SUMIFS(Sch_Total,Sch_Idx,A76,Sch_Scen,C76,Sch_Year,"<="&E76) -> 1.6377398 | Q76: =H76+I76+M76 -> 1.5865739 | R76: =L76-G76-Q76 -> 21.150297 | S76: =MAX(0,IF(F76>=2,IF(L76>Exempt,R76*(L76-Exempt)/L76,0),R76)) -> 16.220816 | T76: =IF(F76>=2,MIN(MaxDed,MIN(0.4,HoldRate*E76)+MIN(0.4,LiveRate*F76)),IF(E76>=3,MIN(0.3,0.02*E76),0)) -> 0.8 | U76: =S76*(1-T76) -> 3.2441632 | V76: =MAX(0,U76-InitDed) -> 3.2191632 | W76: =SUMPRODUCT((V76>CLo)*(V76-CLo)*CD)*(1+LocalTax) -> 1.1310918 | X76: =H76+P76+W76 -> 3.7175817 | Y76: =(L76-G76)-H76-I76-M76-N76-P76-W76 -> 17.65999 | Z76: =Y76/K76 -> 0.63206553 | AA76: =IF(1+Z76>0,(1+Z76)^(1/E76)-1,-1) -> 0.05020422 | AB76: =L76-O76-M76-W76 -> 48.383651 | AC76: =AB76/K76 -> 1.7316906 | AD76: =K76*((1+DepRate*(1-DepTax))^E76-1) -> 7.9584135 | AE76: =Y76-AD76 -> 9.7015763
A77: 7 | B77: =INDEX(C_Name,A77) -> 예시 행: 직접 입력 | C77: 1 | D77: =CHOOSE(C77,G1,G2,G3) -> 0.02 | E77: 3 | F77: =MAX(0,E77-NonRes) -> 3 | G77: =INDEX(C_Price,A77) -> 14 | H77: =INDEX(C_Acq,A77) -> 0.462 | I77: =INDEX(C_Fee,A77) -> 0.1124 | J77: =INDEX(C_Loan,A77) -> 5.6 | K77: =G77-J77+H77+I77 -> 8.9744 | L77: =G77*(1+D77)^E77 -> 14.856912 | M77: =L77*LOOKUP(L77,FeeLo,FeeR)*(1+VAT) -> 0.098055619 | N77: =-CUMIPMT(Rm,LoanYears*12,J77,1,E77*12,0) -> 0.65439787 | O77: =J77*(1+Rm)^(E77*12)-(J77*Rm/(1-(1+Rm)^(-LoanYears*12)))*((1+Rm)^(E77*12)-1)/Rm -> 5.2919286 | P77: =SUMIFS(Sch_Total,Sch_Idx,A77,Sch_Scen,C77,Sch_Year,"<="&E77) -> 0.087296086 | Q77: =H77+I77+M77 -> 0.67245562 | R77: =L77-G77-Q77 -> 0.18445638 | S77: =MAX(0,IF(F77>=2,IF(L77>Exempt,R77*(L77-Exempt)/L77,0),R77)) -> 0.035470066 | T77: =IF(F77>=2,MIN(MaxDed,MIN(0.4,HoldRate*E77)+MIN(0.4,LiveRate*F77)),IF(E77>=3,MIN(0.3,0.02*E77),0)) -> 0.24 | U77: =S77*(1-T77) -> 0.02695725 | V77: =MAX(0,U77-InitDed) -> 0.0019572501 | W77: =SUMPRODUCT((V77>CLo)*(V77-CLo)*CD)*(1+LocalTax) -> 0.00012917851 | X77: =H77+P77+W77 -> 0.54942526 | Y77: =(L77-G77)-H77-I77-M77-N77-P77-W77 -> -0.55736675 | Z77: =Y77/K77 -> -0.062106297 | AA77: =IF(1+Z77>0,(1+Z77)^(1/E77)-1,-1) -> -0.021146105 | AB77: =L77-O77-M77-W77 -> 9.4667986 | AC77: =AB77/K77 -> 1.054867 | AD77: =K77*((1+DepRate*(1-DepTax))^E77-1) -> 0.70079996 | AE77: =Y77-AD77 -> -1.2581667
A78: 7 | B78: =INDEX(C_Name,A78) -> 예시 행: 직접 입력 | C78: 1 | D78: =CHOOSE(C78,G1,G2,G3) -> 0.02 | E78: 5 | F78: =MAX(0,E78-NonRes) -> 5 | G78: =INDEX(C_Price,A78) -> 14 | H78: =INDEX(C_Acq,A78) -> 0.462 | I78: =INDEX(C_Fee,A78) -> 0.1124 | J78: =INDEX(C_Loan,A78) -> 5.6 | K78: =G78-J78+H78+I78 -> 8.9744 | L78: =G78*(1+D78)^E78 -> 15.457131 | M78: =L78*LOOKUP(L78,FeeLo,FeeR)*(1+VAT) -> 0.11901991 | N78: =-CUMIPMT(Rm,LoanYears*12,J78,1,E78*12,0) -> 1.0691761 | O78: =J78*(1+Rm)^(E78*12)-(J78*Rm/(1-(1+Rm)^(-LoanYears*12)))*((1+Rm)^(E78*12)-1)/Rm -> 5.0650607 | P78: =SUMIFS(Sch_Total,Sch_Idx,A78,Sch_Scen,C78,Sch_Year,"<="&E78) -> 0.14920822 | Q78: =H78+I78+M78 -> 0.69341991 | R78: =L78-G78-Q78 -> 0.76371133 | S78: =MAX(0,IF(F78>=2,IF(L78>Exempt,R78*(L78-Exempt)/L78,0),R78)) -> 0.17081115 | T78: =IF(F78>=2,MIN(MaxDed,MIN(0.4,HoldRate*E78)+MIN(0.4,LiveRate*F78)),IF(E78>=3,MIN(0.3,0.02*E78),0)) -> 0.4 | U78: =S78*(1-T78) -> 0.10248669 | V78: =MAX(0,U78-InitDed) -> 0.077486688 | W78: =SUMPRODUCT((V78>CLo)*(V78-CLo)*CD)*(1+LocalTax) -> 0.0051141214 | X78: =H78+P78+W78 -> 0.61632235 | Y78: =(L78-G78)-H78-I78-M78-N78-P78-W78 -> -0.45978714 | Z78: =Y78/K78 -> -0.05123319 | AA78: =IF(1+Z78>0,(1+Z78)^(1/E78)-1,-1) -> -0.010463321 | AB78: =L78-O78-M78-W78 -> 10.267936 | AC78: =AB78/K78 -> 1.1441363 | AD78: =K78*((1+DepRate*(1-DepTax))^E78-1) -> 1.1981453 | AE78: =Y78-AD78 -> -1.6579325
A79: 7 | B79: =INDEX(C_Name,A79) -> 예시 행: 직접 입력 | C79: 1 | D79: =CHOOSE(C79,G1,G2,G3) -> 0.02 | E79: 7 | F79: =MAX(0,E79-NonRes) -> 7 | G79: =INDEX(C_Price,A79) -> 14 | H79: =INDEX(C_Acq,A79) -> 0.462 | I79: =INDEX(C_Fee,A79) -> 0.1124 | J79: =INDEX(C_Loan,A79) -> 5.6 | K79: =G79-J79+H79+I79 -> 8.9744 | L79: =G79*(1+D79)^E79 -> 16.081599 | M79: =L79*LOOKUP(L79,FeeLo,FeeR)*(1+VAT) -> 0.12382831 | N79: =-CUMIPMT(Rm,LoanYears*12,J79,1,E79*12,0) -> 1.4650919 | O79: =J79*(1+Rm)^(E79*12)-(J79*Rm/(1-(1+Rm)^(-LoanYears*12)))*((1+Rm)^(E79*12)-1)/Rm -> 4.8193304 | P79: =SUMIFS(Sch_Total,Sch_Idx,A79,Sch_Scen,C79,Sch_Year,"<="&E79) -> 0.21423246 | Q79: =H79+I79+M79 -> 0.69822831 | R79: =L79-G79-Q79 -> 1.383371 | S79: =MAX(0,IF(F79>=2,IF(L79>Exempt,R79*(L79-Exempt)/L79,0),R79)) -> 0.35110726 | T79: =IF(F79>=2,MIN(MaxDed,MIN(0.4,HoldRate*E79)+MIN(0.4,LiveRate*F79)),IF(E79>=3,MIN(0.3,0.02*E79),0)) -> 0.56 | U79: =S79*(1-T79) -> 0.15448719 | V79: =MAX(0,U79-InitDed) -> 0.12948719 | W79: =SUMPRODUCT((V79>CLo)*(V79-CLo)*CD)*(1+LocalTax) -> 0.0085461549 | X79: =H79+P79+W79 -> 0.68477862 | Y79: =(L79-G79)-H79-I79-M79-N79-P79-W79 -> -0.3044995 | Z79: =Y79/K79 -> -0.03392979 | AA79: =IF(1+Z79>0,(1+Z79)^(1/E79)-1,-1) -> -0.0049191136 | AB79: =L79-O79-M79-W79 -> 11.129895 | AC79: =AB79/K79 -> 1.2401826 | AD79: =K79*((1+DepRate*(1-DepTax))^E79-1) -> 1.7210563 | AE79: =Y79-AD79 -> -2.0255558
A80: 7 | B80: =INDEX(C_Name,A80) -> 예시 행: 직접 입력 | C80: 1 | D80: =CHOOSE(C80,G1,G2,G3) -> 0.02 | E80: 10 | F80: =MAX(0,E80-NonRes) -> 10 | G80: =INDEX(C_Price,A80) -> 14 | H80: =INDEX(C_Acq,A80) -> 0.462 | I80: =INDEX(C_Fee,A80) -> 0.1124 | J80: =INDEX(C_Loan,A80) -> 5.6 | K80: =G80-J80+H80+I80 -> 8.9744 | L80: =G80*(1+D80)^E80 -> 17.065922 | M80: =L80*LOOKUP(L80,FeeLo,FeeR)*(1+VAT) -> 0.1314076 | N80: =-CUMIPMT(Rm,LoanYears*12,J80,1,E80*12,0) -> 2.0201325 | O80: =J80*(1+Rm)^(E80*12)-(J80*Rm/(1-(1+Rm)^(-LoanYears*12)))*((1+Rm)^(E80*12)-1)/Rm -> 4.4119017 | P80: =SUMIFS(Sch_Total,Sch_Idx,A80,Sch_Scen,C80,Sch_Year,"<="&E80) -> 0.31788041 | Q80: =H80+I80+M80 -> 0.7058076 | R80: =L80-G80-Q80 -> 2.3601143 | S80: =MAX(0,IF(F80>=2,IF(L80>Exempt,R80*(L80-Exempt)/L80,0),R80)) -> 0.70058651 | T80: =IF(F80>=2,MIN(MaxDed,MIN(0.4,HoldRate*E80)+MIN(0.4,LiveRate*F80)),IF(E80>=3,MIN(0.3,0.02*E80),0)) -> 0.8 | U80: =S80*(1-T80) -> 0.1401173 | V80: =MAX(0,U80-InitDed) -> 0.1151173 | W80: =SUMPRODUCT((V80>CLo)*(V80-CLo)*CD)*(1+LocalTax) -> 0.0075977419 | X80: =H80+P80+W80 -> 0.78747816 | Y80: =(L80-G80)-H80-I80-M80-N80-P80-W80 -> 0.014503624 | Z80: =Y80/K80 -> 0.0016161107 | AA80: =IF(1+Z80>0,(1+Z80)^(1/E80)-1,-1) -> 0.00016149366 | AB80: =L80-O80-M80-W80 -> 12.515015 | AC80: =AB80/K80 -> 1.3945238 | AD80: =K80*((1+DepRate*(1-DepTax))^E80-1) -> 2.5562515 | AE80: =Y80-AD80 -> -2.5417479
A81: 7 | B81: =INDEX(C_Name,A81) -> 예시 행: 직접 입력 | C81: 2 | D81: =CHOOSE(C81,G1,G2,G3) -> 0.04 | E81: 3 | F81: =MAX(0,E81-NonRes) -> 3 | G81: =INDEX(C_Price,A81) -> 14 | H81: =INDEX(C_Acq,A81) -> 0.462 | I81: =INDEX(C_Fee,A81) -> 0.1124 | J81: =INDEX(C_Loan,A81) -> 5.6 | K81: =G81-J81+H81+I81 -> 8.9744 | L81: =G81*(1+D81)^E81 -> 15.748096 | M81: =L81*LOOKUP(L81,FeeLo,FeeR)*(1+VAT) -> 0.12126034 | N81: =-CUMIPMT(Rm,LoanYears*12,J81,1,E81*12,0) -> 0.65439787 | O81: =J81*(1+Rm)^(E81*12)-(J81*Rm/(1-(1+Rm)^(-LoanYears*12)))*((1+Rm)^(E81*12)-1)/Rm -> 5.2919286 | P81: =SUMIFS(Sch_Total,Sch_Idx,A81,Sch_Scen,C81,Sch_Year,"<="&E81) -> 0.08949532 | Q81: =H81+I81+M81 -> 0.69566034 | R81: =L81-G81-Q81 -> 1.0524357 | S81: =MAX(0,IF(F81>=2,IF(L81>Exempt,R81*(L81-Exempt)/L81,0),R81)) -> 0.25048297 | T81: =IF(F81>=2,MIN(MaxDed,MIN(0.4,HoldRate*E81)+MIN(0.4,LiveRate*F81)),IF(E81>=3,MIN(0.3,0.02*E81),0)) -> 0.24 | U81: =S81*(1-T81) -> 0.19036706 | V81: =MAX(0,U81-InitDed) -> 0.16536706 | W81: =SUMPRODUCT((V81>CLo)*(V81-CLo)*CD)*(1+LocalTax) -> 0.013425565 | X81: =H81+P81+W81 -> 0.56492089 | Y81: =(L81-G81)-H81-I81-M81-N81-P81-W81 -> 0.29511691 | Z81: =Y81/K81 -> 0.032884305 | AA81: =IF(1+Z81>0,(1+Z81)^(1/E81)-1,-1) -> 0.01084343 | AB81: =L81-O81-M81-W81 -> 10.321481 | AC81: =AB81/K81 -> 1.1501027 | AD81: =K81*((1+DepRate*(1-DepTax))^E81-1) -> 0.70079996 | AE81: =Y81-AD81 -> -0.40568305
A82: 7 | B82: =INDEX(C_Name,A82) -> 예시 행: 직접 입력 | C82: 2 | D82: =CHOOSE(C82,G1,G2,G3) -> 0.04 | E82: 5 | F82: =MAX(0,E82-NonRes) -> 5 | G82: =INDEX(C_Price,A82) -> 14 | H82: =INDEX(C_Acq,A82) -> 0.462 | I82: =INDEX(C_Fee,A82) -> 0.1124 | J82: =INDEX(C_Loan,A82) -> 5.6 | K82: =G82-J82+H82+I82 -> 8.9744 | L82: =G82*(1+D82)^E82 -> 17.033141 | M82: =L82*LOOKUP(L82,FeeLo,FeeR)*(1+VAT) -> 0.13115518 | N82: =-CUMIPMT(Rm,LoanYears*12,J82,1,E82*12,0) -> 1.0691761 | O82: =J82*(1+Rm)^(E82*12)-(J82*Rm/(1-(1+Rm)^(-LoanYears*12)))*((1+Rm)^(E82*12)-1)/Rm -> 5.0650607 | P82: =SUMIFS(Sch_Total,Sch_Idx,A82,Sch_Scen,C82,Sch_Year,"<="&E82) -> 0.15683663 | Q82: =H82+I82+M82 -> 0.70555518 | R82: =L82-G82-Q82 -> 2.3275855 | S82: =MAX(0,IF(F82>=2,IF(L82>Exempt,R82*(L82-Exempt)/L82,0),R82)) -> 0.68778067 | T82: =IF(F82>=2,MIN(MaxDed,MIN(0.4,HoldRate*E82)+MIN(0.4,LiveRate*F82)),IF(E82>=3,MIN(0.3,0.02*E82),0)) -> 0.4 | U82: =S82*(1-T82) -> 0.4126684 | V82: =MAX(0,U82-InitDed) -> 0.3876684 | W82: =SUMPRODUCT((V82>CLo)*(V82-CLo)*CD)*(1+LocalTax) -> 0.050105287 | X82: =H82+P82+W82 -> 0.66894192 | Y82: =(L82-G82)-H82-I82-M82-N82-P82-W82 -> 1.0514674 | Z82: =Y82/K82 -> 0.11716297 | AA82: =IF(1+Z82>0,(1+Z82)^(1/E82)-1,-1) -> 0.022405805 | AB82: =L82-O82-M82-W82 -> 11.786819 | AC82: =AB82/K82 -> 1.3133824 | AD82: =K82*((1+DepRate*(1-DepTax))^E82-1) -> 1.1981453 | AE82: =Y82-AD82 -> -0.14667794
A83: 7 | B83: =INDEX(C_Name,A83) -> 예시 행: 직접 입력 | C83: 2 | D83: =CHOOSE(C83,G1,G2,G3) -> 0.04 | E83: 7 | F83: =MAX(0,E83-NonRes) -> 7 | G83: =INDEX(C_Price,A83) -> 14 | H83: =INDEX(C_Acq,A83) -> 0.462 | I83: =INDEX(C_Fee,A83) -> 0.1124 | J83: =INDEX(C_Loan,A83) -> 5.6 | K83: =G83-J83+H83+I83 -> 8.9744 | L83: =G83*(1+D83)^E83 -> 18.423045 | M83: =L83*LOOKUP(L83,FeeLo,FeeR)*(1+VAT) -> 0.14185745 | N83: =-CUMIPMT(Rm,LoanYears*12,J83,1,E83*12,0) -> 1.4650919 | O83: =J83*(1+Rm)^(E83*12)-(J83*Rm/(1-(1+Rm)^(-LoanYears*12)))*((1+Rm)^(E83*12)-1)/Rm -> 4.8193304 | P83: =SUMIFS(Sch_Total,Sch_Idx,A83,Sch_Scen,C83,Sch_Year,"<="&E83) -> 0.23170953 | Q83: =H83+I83+M83 -> 0.71625745 | R83: =L83-G83-Q83 -> 3.7067875 | S83: =MAX(0,IF(F83>=2,IF(L83>Exempt,R83*(L83-Exempt)/L83,0),R83)) -> 1.2923413 | T83: =IF(F83>=2,MIN(MaxDed,MIN(0.4,HoldRate*E83)+MIN(0.4,LiveRate*F83)),IF(E83>=3,MIN(0.3,0.02*E83),0)) -> 0.56 | U83: =S83*(1-T83) -> 0.56863018 | V83: =MAX(0,U83-InitDed) -> 0.54363018 | W83: =SUMPRODUCT((V83>CLo)*(V83-CLo)*CD)*(1+LocalTax) -> 0.080158369 | X83: =H83+P83+W83 -> 0.77386789 | Y83: =(L83-G83)-H83-I83-M83-N83-P83-W83 -> 1.9298276 | Z83: =Y83/K83 -> 0.21503695 | AA83: =IF(1+Z83>0,(1+Z83)^(1/E83)-1,-1) -> 0.028215656 | AB83: =L83-O83-M83-W83 -> 13.381699 | AC83: =AB83/K83 -> 1.4910968 | AD83: =K83*((1+DepRate*(1-DepTax))^E83-1) -> 1.7210563 | AE83: =Y83-AD83 -> 0.20877132
A84: 7 | B84: =INDEX(C_Name,A84) -> 예시 행: 직접 입력 | C84: 2 | D84: =CHOOSE(C84,G1,G2,G3) -> 0.04 | E84: 10 | F84: =MAX(0,E84-NonRes) -> 10 | G84: =INDEX(C_Price,A84) -> 14 | H84: =INDEX(C_Acq,A84) -> 0.462 | I84: =INDEX(C_Fee,A84) -> 0.1124 | J84: =INDEX(C_Loan,A84) -> 5.6 | K84: =G84-J84+H84+I84 -> 8.9744 | L84: =G84*(1+D84)^E84 -> 20.72342 | M84: =L84*LOOKUP(L84,FeeLo,FeeR)*(1+VAT) -> 0.15957033 | N84: =-CUMIPMT(Rm,LoanYears*12,J84,1,E84*12,0) -> 2.0201325 | O84: =J84*(1+Rm)^(E84*12)-(J84*Rm/(1-(1+Rm)^(-LoanYears*12)))*((1+Rm)^(E84*12)-1)/Rm -> 4.4119017 | P84: =SUMIFS(Sch_Total,Sch_Idx,A84,Sch_Scen,C84,Sch_Year,"<="&E84) -> 0.36989789 | Q84: =H84+I84+M84 -> 0.73397033 | R84: =L84-G84-Q84 -> 5.9894497 | S84: =MAX(0,IF(F84>=2,IF(L84>Exempt,R84*(L84-Exempt)/L84,0),R84)) -> 2.5212289 | T84: =IF(F84>=2,MIN(MaxDed,MIN(0.4,HoldRate*E84)+MIN(0.4,LiveRate*F84)),IF(E84>=3,MIN(0.3,0.02*E84),0)) -> 0.8 | U84: =S84*(1-T84) -> 0.50424577 | V84: =MAX(0,U84-InitDed) -> 0.47924577 | W84: =SUMPRODUCT((V84>CLo)*(V84-CLo)*CD)*(1+LocalTax) -> 0.065215553 | X84: =H84+P84+W84 -> 0.89711344 | Y84: =(L84-G84)-H84-I84-M84-N84-P84-W84 -> 3.5342037 | Z84: =Y84/K84 -> 0.39380947 | AA84: =IF(1+Z84>0,(1+Z84)^(1/E84)-1,-1) -> 0.03376147 | AB84: =L84-O84-M84-W84 -> 16.086732 | AC84: =AB84/K84 -> 1.7925134 | AD84: =K84*((1+DepRate*(1-DepTax))^E84-1) -> 2.5562515 | AE84: =Y84-AD84 -> 0.97795223
A85: 7 | B85: =INDEX(C_Name,A85) -> 예시 행: 직접 입력 | C85: 3 | D85: =CHOOSE(C85,G1,G2,G3) -> 0.06 | E85: 3 | F85: =MAX(0,E85-NonRes) -> 3 | G85: =INDEX(C_Price,A85) -> 14 | H85: =INDEX(C_Acq,A85) -> 0.462 | I85: =INDEX(C_Fee,A85) -> 0.1124 | J85: =INDEX(C_Loan,A85) -> 5.6 | K85: =G85-J85+H85+I85 -> 8.9744 | L85: =G85*(1+D85)^E85 -> 16.674224 | M85: =L85*LOOKUP(L85,FeeLo,FeeR)*(1+VAT) -> 0.12839152 | N85: =-CUMIPMT(Rm,LoanYears*12,J85,1,E85*12,0) -> 0.65439787 | O85: =J85*(1+Rm)^(E85*12)-(J85*Rm/(1-(1+Rm)^(-LoanYears*12)))*((1+Rm)^(E85*12)-1)/Rm -> 5.2919286 | P85: =SUMIFS(Sch_Total,Sch_Idx,A85,Sch_Scen,C85,Sch_Year,"<="&E85) -> 0.091723303 | Q85: =H85+I85+M85 -> 0.70279152 | R85: =L85-G85-Q85 -> 1.9714325 | S85: =MAX(0,IF(F85>=2,IF(L85>Exempt,R85*(L85-Exempt)/L85,0),R85)) -> 0.55264443 | T85: =IF(F85>=2,MIN(MaxDed,MIN(0.4,HoldRate*E85)+MIN(0.4,LiveRate*F85)),IF(E85>=3,MIN(0.3,0.02*E85),0)) -> 0.24 | U85: =S85*(1-T85) -> 0.42000977 | V85: =MAX(0,U85-InitDed) -> 0.39500977 | W85: =SUMPRODUCT((V85>CLo)*(V85-CLo)*CD)*(1+LocalTax) -> 0.051316611 | X85: =H85+P85+W85 -> 0.60503991 | Y85: =(L85-G85)-H85-I85-M85-N85-P85-W85 -> 1.1739947 | Z85: =Y85/K85 -> 0.13081595 | AA85: =IF(1+Z85>0,(1+Z85)^(1/E85)-1,-1) -> 0.041831079 | AB85: =L85-O85-M85-W85 -> 11.202587 | AC85: =AB85/K85 -> 1.2482826 | AD85: =K85*((1+DepRate*(1-DepTax))^E85-1) -> 0.70079996 | AE85: =Y85-AD85 -> 0.47319473
A86: 7 | B86: =INDEX(C_Name,A86) -> 예시 행: 직접 입력 | C86: 3 | D86: =CHOOSE(C86,G1,G2,G3) -> 0.06 | E86: 5 | F86: =MAX(0,E86-NonRes) -> 5 | G86: =INDEX(C_Price,A86) -> 14 | H86: =INDEX(C_Acq,A86) -> 0.462 | I86: =INDEX(C_Fee,A86) -> 0.1124 | J86: =INDEX(C_Loan,A86) -> 5.6 | K86: =G86-J86+H86+I86 -> 8.9744 | L86: =G86*(1+D86)^E86 -> 18.735158 | M86: =L86*LOOKUP(L86,FeeLo,FeeR)*(1+VAT) -> 0.14426072 | N86: =-CUMIPMT(Rm,LoanYears*12,J86,1,E86*12,0) -> 1.0691761 | O86: =J86*(1+Rm)^(E86*12)-(J86*Rm/(1-(1+Rm)^(-LoanYears*12)))*((1+Rm)^(E86*12)-1)/Rm -> 5.0650607 | P86: =SUMIFS(Sch_Total,Sch_Idx,A86,Sch_Scen,C86,Sch_Year,"<="&E86) -> 0.16547396 | Q86: =H86+I86+M86 -> 0.71866072 | R86: =L86-G86-Q86 -> 4.0164974 | S86: =MAX(0,IF(F86>=2,IF(L86>Exempt,R86*(L86-Exempt)/L86,0),R86)) -> 1.4439027 | T86: =IF(F86>=2,MIN(MaxDed,MIN(0.4,HoldRate*E86)+MIN(0.4,LiveRate*F86)),IF(E86>=3,MIN(0.3,0.02*E86),0)) -> 0.4 | U86: =S86*(1-T86) -> 0.8663416 | V86: =MAX(0,U86-InitDed) -> 0.8413416 | W86: =SUMPRODUCT((V86>CLo)*(V86-CLo)*CD)*(1+LocalTax) -> 0.15875418 | X86: =H86+P86+W86 -> 0.78622814 | Y86: =(L86-G86)-H86-I86-M86-N86-P86-W86 -> 2.6230931 | Z86: =Y86/K86 -> 0.29228618 | AA86: =IF(1+Z86>0,(1+Z86)^(1/E86)-1,-1) -> 0.052620297 | AB86: =L86-O86-M86-W86 -> 13.367082 | AC86: =AB86/K86 -> 1.4894681 | AD86: =K86*((1+DepRate*(1-DepTax))^E86-1) -> 1.1981453 | AE86: =Y86-AD86 -> 1.4249478
A87: 7 | B87: =INDEX(C_Name,A87) -> 예시 행: 직접 입력 | C87: 3 | D87: =CHOOSE(C87,G1,G2,G3) -> 0.06 | E87: 7 | F87: =MAX(0,E87-NonRes) -> 7 | G87: =INDEX(C_Price,A87) -> 14 | H87: =INDEX(C_Acq,A87) -> 0.462 | I87: =INDEX(C_Fee,A87) -> 0.1124 | J87: =INDEX(C_Loan,A87) -> 5.6 | K87: =G87-J87+H87+I87 -> 8.9744 | L87: =G87*(1+D87)^E87 -> 21.050824 | M87: =L87*LOOKUP(L87,FeeLo,FeeR)*(1+VAT) -> 0.16209134 | N87: =-CUMIPMT(Rm,LoanYears*12,J87,1,E87*12,0) -> 1.4650919 | O87: =J87*(1+Rm)^(E87*12)-(J87*Rm/(1-(1+Rm)^(-LoanYears*12)))*((1+Rm)^(E87*12)-1)/Rm -> 4.8193304 | P87: =SUMIFS(Sch_Total,Sch_Idx,A87,Sch_Scen,C87,Sch_Year,"<="&E87) -> 0.25888669 | Q87: =H87+I87+M87 -> 0.73649134 | R87: =L87-G87-Q87 -> 6.3143323 | S87: =MAX(0,IF(F87>=2,IF(L87>Exempt,R87*(L87-Exempt)/L87,0),R87)) -> 2.7148538 | T87: =IF(F87>=2,MIN(MaxDed,MIN(0.4,HoldRate*E87)+MIN(0.4,LiveRate*F87)),IF(E87>=3,MIN(0.3,0.02*E87),0)) -> 0.56 | U87: =S87*(1-T87) -> 1.1945357 | V87: =MAX(0,U87-InitDed) -> 1.1695357 | W87: =SUMPRODUCT((V87>CLo)*(V87-CLo)*CD)*(1+LocalTax) -> 0.28043123 | X87: =H87+P87+W87 -> 1.0013179 | Y87: =(L87-G87)-H87-I87-M87-N87-P87-W87 -> 4.3099224 | Z87: =Y87/K87 -> 0.48024631 | AA87: =IF(1+Z87>0,(1+Z87)^(1/E87)-1,-1) -> 0.057629185 | AB87: =L87-O87-M87-W87 -> 15.788971 | AC87: =AB87/K87 -> 1.7593344 | AD87: =K87*((1+DepRate*(1-DepTax))^E87-1) -> 1.7210563 | AE87: =Y87-AD87 -> 2.5888661
A88: 7 | B88: =INDEX(C_Name,A88) -> 예시 행: 직접 입력 | C88: 3 | D88: =CHOOSE(C88,G1,G2,G3) -> 0.06 | E88: 10 | F88: =MAX(0,E88-NonRes) -> 10 | G88: =INDEX(C_Price,A88) -> 14 | H88: =INDEX(C_Acq,A88) -> 0.462 | I88: =INDEX(C_Fee,A88) -> 0.1124 | J88: =INDEX(C_Loan,A88) -> 5.6 | K88: =G88-J88+H88+I88 -> 8.9744 | L88: =G88*(1+D88)^E88 -> 25.071868 | M88: =L88*LOOKUP(L88,FeeLo,FeeR)*(1+VAT) -> 0.19305338 | N88: =-CUMIPMT(Rm,LoanYears*12,J88,1,E88*12,0) -> 2.0201325 | O88: =J88*(1+Rm)^(E88*12)-(J88*Rm/(1-(1+Rm)^(-LoanYears*12)))*((1+Rm)^(E88*12)-1)/Rm -> 4.4119017 | P88: =SUMIFS(Sch_Total,Sch_Idx,A88,Sch_Scen,C88,Sch_Year,"<="&E88) -> 0.44509818 | Q88: =H88+I88+M88 -> 0.76745338 | R88: =L88-G88-Q88 -> 10.304414 | S88: =MAX(0,IF(F88>=2,IF(L88>Exempt,R88*(L88-Exempt)/L88,0),R88)) -> 5.3724734 | T88: =IF(F88>=2,MIN(MaxDed,MIN(0.4,HoldRate*E88)+MIN(0.4,LiveRate*F88)),IF(E88>=3,MIN(0.3,0.02*E88),0)) -> 0.8 | U88: =S88*(1-T88) -> 1.0744947 | V88: =MAX(0,U88-InitDed) -> 1.0494947 | W88: =SUMPRODUCT((V88>CLo)*(V88-CLo)*CD)*(1+LocalTax) -> 0.23421545 | X88: =H88+P88+W88 -> 1.1413136 | Y88: =(L88-G88)-H88-I88-M88-N88-P88-W88 -> 7.6049682 | Z88: =Y88/K88 -> 0.84740687 | AA88: =IF(1+Z88>0,(1+Z88)^(1/E88)-1,-1) -> 0.063301081 | AB88: =L88-O88-M88-W88 -> 20.232697 | AC88: =AB88/K88 -> 2.2544902 | AD88: =K88*((1+DepRate*(1-DepTax))^E88-1) -> 2.5562515 | AE88: =Y88-AD88 -> 5.0487168

Sheet 보유세_스케줄
A1: 보유 단계 – 연도별 보유세 스케줄 (단지 × 상승률 시나리오 × 보유연차, 억 원)
A2: 연도별 주택가격 = 매수가 × (1+상승률)^(연차−1). 종부세는 재산세 중복분 공제·세액공제 미반영(보수적).
A4: 단지번호 | B4: 단지 | C4: 시나리오 | D4: 상승률 | E4: 연차 | F4: 해당 연도 시세 | G4: 공시가 | H4: 재산세 과표 | I4: 재산세 | J4: 도시지역분 | K4: 지방교육세 | L4: 종부세 과표 | M4: 종부세 | N4: 농특세 | O4: 보유세 합계
A5: 1 | B5: =INDEX(C_Name,A5) -> 문래동 대단지 (단지 미특정, 입력 필요) | C5: 1 | D5: =CHOOSE(C5,G1,G2,G3) -> 0.02 | E5: 1 | F5: =INDEX(C_Price,A5)*(1+D5)^(E5-1) -> 12.5 | G5: =F5*Gongsi -> 8.625 | H5: =G5*FairProp -> 5.175 | I5: =IF(G5<=SpcLimit,SUMPRODUCT((H5>SLo)*(H5-SLo)*SD),SUMPRODUCT((H5>GLo)*(H5-GLo)*GD)) -> 0.0118125 | J5: =H5*CityRate -> 0.007245 | K5: =I5*EduProp -> 0.0023625 | L5: =MAX(0,(G5-JongDeduct)*FairJong) -> 0 | M5: =SUMPRODUCT((L5>JLo)*(L5-JLo)*JD) -> 0 | N5: =M5*NongJong -> 0 | O5: =I5+J5+K5+M5+N5 -> 0.02142
A6: 1 | B6: =INDEX(C_Name,A6) -> 문래동 대단지 (단지 미특정, 입력 필요) | C6: 1 | D6: =CHOOSE(C6,G1,G2,G3) -> 0.02 | E6: 2 | F6: =INDEX(C_Price,A6)*(1+D6)^(E6-1) -> 12.75 | G6: =F6*Gongsi -> 8.7975 | H6: =G6*FairProp -> 5.2785 | I6: =IF(G6<=SpcLimit,SUMPRODUCT((H6>SLo)*(H6-SLo)*SD),SUMPRODUCT((H6>GLo)*(H6-GLo)*GD)) -> 0.01217475 | J6: =H6*CityRate -> 0.0073899 | K6: =I6*EduProp -> 0.00243495 | L6: =MAX(0,(G6-JongDeduct)*FairJong) -> 0 | M6: =SUMPRODUCT((L6>JLo)*(L6-JLo)*JD) -> 0 | N6: =M6*NongJong -> 0 | O6: =I6+J6+K6+M6+N6 -> 0.0219996
A7: 1 | B7: =INDEX(C_Name,A7) -> 문래동 대단지 (단지 미특정, 입력 필요) | C7: 1 | D7: =CHOOSE(C7,G1,G2,G3) -> 0.02 | E7: 3 | F7: =INDEX(C_Price,A7)*(1+D7)^(E7-1) -> 13.005 | G7: =F7*Gongsi -> 8.97345 | H7: =G7*FairProp -> 5.38407 | I7: =IF(G7<=SpcLimit,SUMPRODUCT((H7>SLo)*(H7-SLo)*SD),SUMPRODUCT((H7>GLo)*(H7-GLo)*GD)) -> 0.012544245 | J7: =H7*CityRate -> 0.007537698 | K7: =I7*EduProp -> 0.002508849 | L7: =MAX(0,(G7-JongDeduct)*FairJong) -> 0 | M7: =SUMPRODUCT((L7>JLo)*(L7-JLo)*JD) -> 0 | N7: =M7*NongJong -> 0 | O7: =I7+J7+K7+M7+N7 -> 0.022590792
A8: 1 | B8: =INDEX(C_Name,A8) -> 문래동 대단지 (단지 미특정, 입력 필요) | C8: 1 | D8: =CHOOSE(C8,G1,G2,G3) -> 0.02 | E8: 4 | F8: =INDEX(C_Price,A8)*(1+D8)^(E8-1) -> 13.2651 | G8: =F8*Gongsi -> 9.152919 | H8: =G8*FairProp -> 5.4917514 | I8: =IF(G8<=SpcLimit,SUMPRODUCT((H8>SLo)*(H8-SLo)*SD),SUMPRODUCT((H8>GLo)*(H8-GLo)*GD)) -> 0.015667006 | J8: =H8*CityRate -> 0.007688452 | K8: =I8*EduProp -> 0.0031334011 | L8: =MAX(0,(G8-JongDeduct)*FairJong) -> 0 | M8: =SUMPRODUCT((L8>JLo)*(L8-JLo)*JD) -> 0 | N8: =M8*NongJong -> 0 | O8: =I8+J8+K8+M8+N8 -> 0.026488859
A9: 1 | B9: =INDEX(C_Name,A9) -> 문래동 대단지 (단지 미특정, 입력 필요) | C9: 1 | D9: =CHOOSE(C9,G1,G2,G3) -> 0.02 | E9: 5 | F9: =INDEX(C_Price,A9)*(1+D9)^(E9-1) -> 13.530402 | G9: =F9*Gongsi -> 9.3359774 | H9: =G9*FairProp -> 5.6015864 | I9: =IF(G9<=SpcLimit,SUMPRODUCT((H9>SLo)*(H9-SLo)*SD),SUMPRODUCT((H9>GLo)*(H9-GLo)*GD)) -> 0.016106346 | J9: =H9*CityRate -> 0.007842221 | K9: =I9*EduProp -> 0.0032212691 | L9: =MAX(0,(G9-JongDeduct)*FairJong) -> 0 | M9: =SUMPRODUCT((L9>JLo)*(L9-JLo)*JD) -> 0 | N9: =M9*NongJong -> 0 | O9: =I9+J9+K9+M9+N9 -> 0.027169836
A10: 1 | B10: =INDEX(C_Name,A10) -> 문래동 대단지 (단지 미특정, 입력 필요) | C10: 1 | D10: =CHOOSE(C10,G1,G2,G3) -> 0.02 | E10: 6 | F10: =INDEX(C_Price,A10)*(1+D10)^(E10-1) -> 13.80101 | G10: =F10*Gongsi -> 9.5226969 | H10: =G10*FairProp -> 5.7136182 | I10: =IF(G10<=SpcLimit,SUMPRODUCT((H10>SLo)*(H10-SLo)*SD),SUMPRODUCT((H10>GLo)*(H10-GLo)*GD)) -> 0.016554473 | J10: =H10*CityRate -> 0.0079990654 | K10: =I10*EduProp -> 0.0033108945 | L10: =MAX(0,(G10-JongDeduct)*FairJong) -> 0 | M10: =SUMPRODUCT((L10>JLo)*(L10-JLo)*JD) -> 0 | N10: =M10*NongJong -> 0 | O10: =I10+J10+K10+M10+N10 -> 0.027864433
A11: 1 | B11: =INDEX(C_Name,A11) -> 문래동 대단지 (단지 미특정, 입력 필요) | C11: 1 | D11: =CHOOSE(C11,G1,G2,G3) -> 0.02 | E11: 7 | F11: =INDEX(C_Price,A11)*(1+D11)^(E11-1) -> 14.07703 | G11: =F11*Gongsi -> 9.7131509 | H11: =G11*FairProp -> 5.8278905 | I11: =IF(G11<=SpcLimit,SUMPRODUCT((H11>SLo)*(H11-SLo)*SD),SUMPRODUCT((H11>GLo)*(H11-GLo)*GD)) -> 0.017011562 | J11: =H11*CityRate -> 0.0081590467 | K11: =I11*EduProp -> 0.0034023124 | L11: =MAX(0,(G11-JongDeduct)*FairJong) -> 0 | M11: =SUMPRODUCT((L11>JLo)*(L11-JLo)*JD) -> 0 | N11: =M11*NongJong -> 0 | O11: =I11+J11+K11+M11+N11 -> 0.028572921
A12: 1 | B12: =INDEX(C_Name,A12) -> 문래동 대단지 (단지 미특정, 입력 필요) | C12: 1 | D12: =CHOOSE(C12,G1,G2,G3) -> 0.02 | E12: 8 | F12: =INDEX(C_Price,A12)*(1+D12)^(E12-1) -> 14.358571 | G12: =F12*Gongsi -> 9.9074139 | H12: =G12*FairProp -> 5.9444483 | I12: =IF(G12<=SpcLimit,SUMPRODUCT((H12>SLo)*(H12-SLo)*SD),SUMPRODUCT((H12>GLo)*(H12-GLo)*GD)) -> 0.017477793 | J12: =H12*CityRate -> 0.0083222277 | K12: =I12*EduProp -> 0.0034955587 | L12: =MAX(0,(G12-JongDeduct)*FairJong) -> 0 | M12: =SUMPRODUCT((L12>JLo)*(L12-JLo)*JD) -> 0 | N12: =M12*NongJong -> 0 | O12: =I12+J12+K12+M12+N12 -> 0.02929558
A13: 1 | B13: =INDEX(C_Name,A13) -> 문래동 대단지 (단지 미특정, 입력 필요) | C13: 1 | D13: =CHOOSE(C13,G1,G2,G3) -> 0.02 | E13: 9 | F13: =INDEX(C_Price,A13)*(1+D13)^(E13-1) -> 14.645742 | G13: =F13*Gongsi -> 10.105562 | H13: =G13*FairProp -> 6.0633373 | I13: =IF(G13<=SpcLimit,SUMPRODUCT((H13>SLo)*(H13-SLo)*SD),SUMPRODUCT((H13>GLo)*(H13-GLo)*GD)) -> 0.017953349 | J13: =H13*CityRate -> 0.0084886722 | K13: =I13*EduProp -> 0.0035906698 | L13: =MAX(0,(G13-JongDeduct)*FairJong) -> 0 | M13: =SUMPRODUCT((L13>JLo)*(L13-JLo)*JD) -> 0 | N13: =M13*NongJong -> 0 | O13: =I13+J13+K13+M13+N13 -> 0.030032691
A14: 1 | B14: =INDEX(C_Name,A14) -> 문래동 대단지 (단지 미특정, 입력 필요) | C14: 1 | D14: =CHOOSE(C14,G1,G2,G3) -> 0.02 | E14: 10 | F14: =INDEX(C_Price,A14)*(1+D14)^(E14-1) -> 14.938657 | G14: =F14*Gongsi -> 10.307673 | H14: =G14*FairProp -> 6.184604 | I14: =IF(G14<=SpcLimit,SUMPRODUCT((H14>SLo)*(H14-SLo)*SD),SUMPRODUCT((H14>GLo)*(H14-GLo)*GD)) -> 0.018438416 | J14: =H14*CityRate -> 0.0086584457 | K14: =I14*EduProp -> 0.0036876832 | L14: =MAX(0,(G14-JongDeduct)*FairJong) -> 0 | M14: =SUMPRODUCT((L14>JLo)*(L14-JLo)*JD) -> 0 | N14: =M14*NongJong -> 0 | O14: =I14+J14+K14+M14+N14 -> 0.030784545
A15: 1 | B15: =INDEX(C_Name,A15) -> 문래동 대단지 (단지 미특정, 입력 필요) | C15: 2 | D15: =CHOOSE(C15,G1,G2,G3) -> 0.04 | E15: 1 | F15: =INDEX(C_Price,A15)*(1+D15)^(E15-1) -> 12.5 | G15: =F15*Gongsi -> 8.625 | H15: =G15*FairProp -> 5.175 | I15: =IF(G15<=SpcLimit,SUMPRODUCT((H15>SLo)*(H15-SLo)*SD),SUMPRODUCT((H15>GLo)*(H15-GLo)*GD)) -> 0.0118125 | J15: =H15*CityRate -> 0.007245 | K15: =I15*EduProp -> 0.0023625 | L15: =MAX(0,(G15-JongDeduct)*FairJong) -> 0 | M15: =SUMPRODUCT((L15>JLo)*(L15-JLo)*JD) -> 0 | N15: =M15*NongJong -> 0 | O15: =I15+J15+K15+M15+N15 -> 0.02142
A16: 1 | B16: =INDEX(C_Name,A16) -> 문래동 대단지 (단지 미특정, 입력 필요) | C16: 2 | D16: =CHOOSE(C16,G1,G2,G3) -> 0.04 | E16: 2 | F16: =INDEX(C_Price,A16)*(1+D16)^(E16-1) -> 13 | G16: =F16*Gongsi -> 8.97 | H16: =G16*FairProp -> 5.382 | I16: =IF(G16<=SpcLimit,SUMPRODUCT((H16>SLo)*(H16-SLo)*SD),SUMPRODUCT((H16>GLo)*(H16-GLo)*GD)) -> 0.012537 | J16: =H16*CityRate -> 0.0075348 | K16: =I16*EduProp -> 0.0025074 | L16: =MAX(0,(G16-JongDeduct)*FairJong) -> 0 | M16: =SUMPRODUCT((L16>JLo)*(L16-JLo)*JD) -> 0 | N16: =M16*NongJong -> 0 | O16: =I16+J16+K16+M16+N16 -> 0.0225792
A17: 1 | B17: =INDEX(C_Name,A17) -> 문래동 대단지 (단지 미특정, 입력 필요) | C17: 2 | D17: =CHOOSE(C17,G1,G2,G3) -> 0.04 | E17: 3 | F17: =INDEX(C_Price,A17)*(1+D17)^(E17-1) -> 13.52 | G17: =F17*Gongsi -> 9.3288 | H17: =G17*FairProp -> 5.59728 | I17: =IF(G17<=SpcLimit,SUMPRODUCT((H17>SLo)*(H17-SLo)*SD),SUMPRODUCT((H17>GLo)*(H17-GLo)*GD)) -> 0.01608912 | J17: =H17*CityRate -> 0.007836192 | K17: =I17*EduProp -> 0.003217824 | L17: =MAX(0,(G17-JongDeduct)*FairJong) -> 0 | M17: =SUMPRODUCT((L17>JLo)*(L17-JLo)*JD) -> 0 | N17: =M17*NongJong -> 0 | O17: =I17+J17+K17+M17+N17 -> 0.027143136
A18: 1 | B18: =INDEX(C_Name,A18) -> 문래동 대단지 (단지 미특정, 입력 필요) | C18: 2 | D18: =CHOOSE(C18,G1,G2,G3) -> 0.04 | E18: 4 | F18: =INDEX(C_Price,A18)*(1+D18)^(E18-1) -> 14.0608 | G18: =F18*Gongsi -> 9.701952 | H18: =G18*FairProp -> 5.8211712 | I18: =IF(G18<=SpcLimit,SUMPRODUCT((H18>SLo)*(H18-SLo)*SD),SUMPRODUCT((H18>GLo)*(H18-GLo)*GD)) -> 0.016984685 | J18: =H18*CityRate -> 0.0081496397 | K18: =I18*EduProp -> 0.003396937 | L18: =MAX(0,(G18-JongDeduct)*FairJong) -> 0 | M18: =SUMPRODUCT((L18>JLo)*(L18-JLo)*JD) -> 0 | N18: =M18*NongJong -> 0 | O18: =I18+J18+K18+M18+N18 -> 0.028531261
A19: 1 | B19: =INDEX(C_Name,A19) -> 문래동 대단지 (단지 미특정, 입력 필요) | C19: 2 | D19: =CHOOSE(C19,G1,G2,G3) -> 0.04 | E19: 5 | F19: =INDEX(C_Price,A19)*(1+D19)^(E19-1) -> 14.623232 | G19: =F19*Gongsi -> 10.09003 | H19: =G19*FairProp -> 6.054018 | I19: =IF(G19<=SpcLimit,SUMPRODUCT((H19>SLo)*(H19-SLo)*SD),SUMPRODUCT((H19>GLo)*(H19-GLo)*GD)) -> 0.017916072 | J19: =H19*CityRate -> 0.0084756253 | K19: =I19*EduProp -> 0.0035832144 | L19: =MAX(0,(G19-JongDeduct)*FairJong) -> 0 | M19: =SUMPRODUCT((L19>JLo)*(L19-JLo)*JD) -> 0 | N19: =M19*NongJong -> 0 | O19: =I19+J19+K19+M19+N19 -> 0.029974912
A20: 1 | B20: =INDEX(C_Name,A20) -> 문래동 대단지 (단지 미특정, 입력 필요) | C20: 2 | D20: =CHOOSE(C20,G1,G2,G3) -> 0.04 | E20: 6 | F20: =INDEX(C_Price,A20)*(1+D20)^(E20-1) -> 15.208161 | G20: =F20*Gongsi -> 10.493631 | H20: =G20*FairProp -> 6.2961788 | I20: =IF(G20<=SpcLimit,SUMPRODUCT((H20>SLo)*(H20-SLo)*SD),SUMPRODUCT((H20>GLo)*(H20-GLo)*GD)) -> 0.018884715 | J20: =H20*CityRate -> 0.0088146503 | K20: =I20*EduProp -> 0.003776943 | L20: =MAX(0,(G20-JongDeduct)*FairJong) -> 0 | M20: =SUMPRODUCT((L20>JLo)*(L20-JLo)*JD) -> 0 | N20: =M20*NongJong -> 0 | O20: =I20+J20+K20+M20+N20 -> 0.031476308
A21: 1 | B21: =INDEX(C_Name,A21) -> 문래동 대단지 (단지 미특정, 입력 필요) | C21: 2 | D21: =CHOOSE(C21,G1,G2,G3) -> 0.04 | E21: 7 | F21: =INDEX(C_Price,A21)*(1+D21)^(E21-1) -> 15.816488 | G21: =F21*Gongsi -> 10.913377 | H21: =G21*FairProp -> 6.5480259 | I21: =IF(G21<=SpcLimit,SUMPRODUCT((H21>SLo)*(H21-SLo)*SD),SUMPRODUCT((H21>GLo)*(H21-GLo)*GD)) -> 0.019892104 | J21: =H21*CityRate -> 0.0091672363 | K21: =I21*EduProp -> 0.0039784207 | L21: =MAX(0,(G21-JongDeduct)*FairJong) -> 0 | M21: =SUMPRODUCT((L21>JLo)*(L21-JLo)*JD) -> 0 | N21: =M21*NongJong -> 0 | O21: =I21+J21+K21+M21+N21 -> 0.033037761
A22: 1 | B22: =INDEX(C_Name,A22) -> 문래동 대단지 (단지 미특정, 입력 필요) | C22: 2 | D22: =CHOOSE(C22,G1,G2,G3) -> 0.04 | E22: 8 | F22: =INDEX(C_Price,A22)*(1+D22)^(E22-1) -> 16.449147 | G22: =F22*Gongsi -> 11.349912 | H22: =G22*FairProp -> 6.809947 | I22: =IF(G22<=SpcLimit,SUMPRODUCT((H22>SLo)*(H22-SLo)*SD),SUMPRODUCT((H22>GLo)*(H22-GLo)*GD)) -> 0.020939788 | J22: =H22*CityRate -> 0.0095339257 | K22: =I22*EduProp -> 0.0041879576 | L22: =MAX(0,(G22-JongDeduct)*FairJong) -> 0 | M22: =SUMPRODUCT((L22>JLo)*(L22-JLo)*JD) -> 0 | N22: =M22*NongJong -> 0 | O22: =I22+J22+K22+M22+N22 -> 0.034661671
A23: 1 | B23: =INDEX(C_Name,A23) -> 문래동 대단지 (단지 미특정, 입력 필요) | C23: 2 | D23: =CHOOSE(C23,G1,G2,G3) -> 0.04 | E23: 9 | F23: =INDEX(C_Price,A23)*(1+D23)^(E23-1) -> 17.107113 | G23: =F23*Gongsi -> 11.803908 | H23: =G23*FairProp -> 7.0823448 | I23: =IF(G23<=SpcLimit,SUMPRODUCT((H23>SLo)*(H23-SLo)*SD),SUMPRODUCT((H23>GLo)*(H23-GLo)*GD)) -> 0.022029379 | J23: =H23*CityRate -> 0.0099152828 | K23: =I23*EduProp -> 0.0044058759 | L23: =MAX(0,(G23-JongDeduct)*FairJong) -> 0 | M23: =SUMPRODUCT((L23>JLo)*(L23-JLo)*JD) -> 0 | N23: =M23*NongJong -> 0 | O23: =I23+J23+K23+M23+N23 -> 0.036350538
A24: 1 | B24: =INDEX(C_Name,A24) -> 문래동 대단지 (단지 미특정, 입력 필요) | C24: 2 | D24: =CHOOSE(C24,G1,G2,G3) -> 0.04 | E24: 10 | F24: =INDEX(C_Price,A24)*(1+D24)^(E24-1) -> 17.791398 | G24: =F24*Gongsi -> 12.276064 | H24: =G24*FairProp -> 7.3656386 | I24: =IF(G24<=SpcLimit,SUMPRODUCT((H24>SLo)*(H24-SLo)*SD),SUMPRODUCT((H24>GLo)*(H24-GLo)*GD)) -> 0.023162555 | J24: =H24*CityRate -> 0.010311894 | K24: =I24*EduProp -> 0.0046325109 | L24: =MAX(0,(G24-JongDeduct)*FairJong) -> 0.16563863 | M24: =SUMPRODUCT((L24>JLo)*(L24-JLo)*JD) -> 0.00082819315 | N24: =M24*NongJong -> 0.00016563863 | O24: =I24+J24+K24+M24+N24 -> 0.039100791
A25: 1 | B25: =INDEX(C_Name,A25) -> 문래동 대단지 (단지 미특정, 입력 필요) | C25: 3 | D25: =CHOOSE(C25,G1,G2,G3) -> 0.06 | E25: 1 | F25: =INDEX(C_Price,A25)*(1+D25)^(E25-1) -> 12.5 | G25: =F25*Gongsi -> 8.625 | H25: =G25*FairProp -> 5.175 | I25: =IF(G25<=SpcLimit,SUMPRODUCT((H25>SLo)*(H25-SLo)*SD),SUMPRODUCT((H25>GLo)*(H25-GLo)*GD)) -> 0.0118125 | J25: =H25*CityRate -> 0.007245 | K25: =I25*EduProp -> 0.0023625 | L25: =MAX(0,(G25-JongDeduct)*FairJong) -> 0 | M25: =SUMPRODUCT((L25>JLo)*(L25-JLo)*JD) -> 0 | N25: =M25*NongJong -> 0 | O25: =I25+J25+K25+M25+N25 -> 0.02142
A26: 1 | B26: =INDEX(C_Name,A26) -> 문래동 대단지 (단지 미특정, 입력 필요) | C26: 3 | D26: =CHOOSE(C26,G1,G2,G3) -> 0.06 | E26: 2 | F26: =INDEX(C_Price,A26)*(1+D26)^(E26-1) -> 13.25 | G26: =F26*Gongsi -> 9.1425 | H26: =G26*FairProp -> 5.4855 | I26: =IF(G26<=SpcLimit,SUMPRODUCT((H26>SLo)*(H26-SLo)*SD),SUMPRODUCT((H26>GLo)*(H26-GLo)*GD)) -> 0.015642 | J26: =H26*CityRate -> 0.0076797 | K26: =I26*EduProp -> 0.0031284 | L26: =MAX(0,(G26-JongDeduct)*FairJong) -> 0 | M26: =SUMPRODUCT((L26>JLo)*(L26-JLo)*JD) -> 0 | N26: =M26*NongJong -> 0 | O26: =I26+J26+K26+M26+N26 -> 0.0264501
A27: 1 | B27: =INDEX(C_Name,A27) -> 문래동 대단지 (단지 미특정, 입력 필요) | C27: 3 | D27: =CHOOSE(C27,G1,G2,G3) -> 0.06 | E27: 3 | F27: =INDEX(C_Price,A27)*(1+D27)^(E27-1) -> 14.045 | G27: =F27*Gongsi -> 9.69105 | H27: =G27*FairProp -> 5.81463 | I27: =IF(G27<=SpcLimit,SUMPRODUCT((H27>SLo)*(H27-SLo)*SD),SUMPRODUCT((H27>GLo)*(H27-GLo)*GD)) -> 0.01695852 | J27: =H27*CityRate -> 0.008140482 | K27: =I27*EduProp -> 0.003391704 | L27: =MAX(0,(G27-JongDeduct)*FairJong) -> 0 | M27: =SUMPRODUCT((L27>JLo)*(L27-JLo)*JD) -> 0 | N27: =M27*NongJong -> 0 | O27: =I27+J27+K27+M27+N27 -> 0.028490706
A28: 1 | B28: =INDEX(C_Name,A28) -> 문래동 대단지 (단지 미특정, 입력 필요) | C28: 3 | D28: =CHOOSE(C28,G1,G2,G3) -> 0.06 | E28: 4 | F28: =INDEX(C_Price,A28)*(1+D28)^(E28-1) -> 14.8877 | G28: =F28*Gongsi -> 10.272513 | H28: =G28*FairProp -> 6.1635078 | I28: =IF(G28<=SpcLimit,SUMPRODUCT((H28>SLo)*(H28-SLo)*SD),SUMPRODUCT((H28>GLo)*(H28-GLo)*GD)) -> 0.018354031 | J28: =H28*CityRate -> 0.0086289109 | K28: =I28*EduProp -> 0.0036708062 | L28: =MAX(0,(G28-JongDeduct)*FairJong) -> 0 | M28: =SUMPRODUCT((L28>JLo)*(L28-JLo)*JD) -> 0 | N28: =M28*NongJong -> 0 | O28: =I28+J28+K28+M28+N28 -> 0.030653748
A29: 1 | B29: =INDEX(C_Name,A29) -> 문래동 대단지 (단지 미특정, 입력 필요) | C29: 3 | D29: =CHOOSE(C29,G1,G2,G3) -> 0.06 | E29: 5 | F29: =INDEX(C_Price,A29)*(1+D29)^(E29-1) -> 15.780962 | G29: =F29*Gongsi -> 10.888864 | H29: =G29*FairProp -> 6.5333183 | I29: =IF(G29<=SpcLimit,SUMPRODUCT((H29>SLo)*(H29-SLo)*SD),SUMPRODUCT((H29>GLo)*(H29-GLo)*GD)) -> 0.019833273 | J29: =H29*CityRate -> 0.0091466456 | K29: =I29*EduProp -> 0.0039666546 | L29: =MAX(0,(G29-JongDeduct)*FairJong) -> 0 | M29: =SUMPRODUCT((L29>JLo)*(L29-JLo)*JD) -> 0 | N29: =M29*NongJong -> 0 | O29: =I29+J29+K29+M29+N29 -> 0.032946573
A30: 1 | B30: =INDEX(C_Name,A30) -> 문래동 대단지 (단지 미특정, 입력 필요) | C30: 3 | D30: =CHOOSE(C30,G1,G2,G3) -> 0.06 | E30: 6 | F30: =INDEX(C_Price,A30)*(1+D30)^(E30-1) -> 16.72782 | G30: =F30*Gongsi -> 11.542196 | H30: =G30*FairProp -> 6.9253174 | I30: =IF(G30<=SpcLimit,SUMPRODUCT((H30>SLo)*(H30-SLo)*SD),SUMPRODUCT((H30>GLo)*(H30-GLo)*GD)) -> 0.021401269 | J30: =H30*CityRate -> 0.0096954443 | K30: =I30*EduProp -> 0.0042802539 | L30: =MAX(0,(G30-JongDeduct)*FairJong) -> 0 | M30: =SUMPRODUCT((L30>JLo)*(L30-JLo)*JD) -> 0 | N30: =M30*NongJong -> 0 | O30: =I30+J30+K30+M30+N30 -> 0.035376968
A31: 1 | B31: =INDEX(C_Name,A31) -> 문래동 대단지 (단지 미특정, 입력 필요) | C31: 3 | D31: =CHOOSE(C31,G1,G2,G3) -> 0.06 | E31: 7 | F31: =INDEX(C_Price,A31)*(1+D31)^(E31-1) -> 17.731489 | G31: =F31*Gongsi -> 12.234727 | H31: =G31*FairProp -> 7.3408364 | I31: =IF(G31<=SpcLimit,SUMPRODUCT((H31>SLo)*(H31-SLo)*SD),SUMPRODUCT((H31>GLo)*(H31-GLo)*GD)) -> 0.023063346 | J31: =H31*CityRate -> 0.010277171 | K31: =I31*EduProp -> 0.0046126691 | L31: =MAX(0,(G31-JongDeduct)*FairJong) -> 0.14083641 | M31: =SUMPRODUCT((L31>JLo)*(L31-JLo)*JD) -> 0.00070418203 | N31: =M31*NongJong -> 0.00014083641 | O31: =I31+J31+K31+M31+N31 -> 0.038798204
A32: 1 | B32: =INDEX(C_Name,A32) -> 문래동 대단지 (단지 미특정, 입력 필요) | C32: 3 | D32: =CHOOSE(C32,G1,G2,G3) -> 0.06 | E32: 8 | F32: =INDEX(C_Price,A32)*(1+D32)^(E32-1) -> 18.795378 | G32: =F32*Gongsi -> 12.968811 | H32: =G32*FairProp -> 7.7812866 | I32: =IF(G32<=SpcLimit,SUMPRODUCT((H32>SLo)*(H32-SLo)*SD),SUMPRODUCT((H32>GLo)*(H32-GLo)*GD)) -> 0.024825146 | J32: =H32*CityRate -> 0.010893801 | K32: =I32*EduProp -> 0.0049650293 | L32: =MAX(0,(G32-JongDeduct)*FairJong) -> 0.58128659 | M32: =SUMPRODUCT((L32>JLo)*(L32-JLo)*JD) -> 0.002906433 | N32: =M32*NongJong -> 0.00058128659 | O32: =I32+J32+K32+M32+N32 -> 0.044171696
A33: 1 | B33: =INDEX(C_Name,A33) -> 문래동 대단지 (단지 미특정, 입력 필요) | C33: 3 | D33: =CHOOSE(C33,G1,G2,G3) -> 0.06 | E33: 9 | F33: =INDEX(C_Price,A33)*(1+D33)^(E33-1) -> 19.923101 | G33: =F33*Gongsi -> 13.74694 | H33: =G33*FairProp -> 8.2481638 | I33: =IF(G33<=SpcLimit,SUMPRODUCT((H33>SLo)*(H33-SLo)*SD),SUMPRODUCT((H33>GLo)*(H33-GLo)*GD)) -> 0.026692655 | J33: =H33*CityRate -> 0.011547429 | K33: =I33*EduProp -> 0.005338531 | L33: =MAX(0,(G33-JongDeduct)*FairJong) -> 1.0481638 | M33: =SUMPRODUCT((L33>JLo)*(L33-JLo)*JD) -> 0.0052408189 | N33: =M33*NongJong -> 0.0010481638 | O33: =I33+J33+K33+M33+N33 -> 0.049867598
A34: 1 | B34: =INDEX(C_Name,A34) -> 문래동 대단지 (단지 미특정, 입력 필요) | C34: 3 | D34: =CHOOSE(C34,G1,G2,G3) -> 0.06 | E34: 10 | F34: =INDEX(C_Price,A34)*(1+D34)^(E34-1) -> 21.118487 | G34: =F34*Gongsi -> 14.571756 | H34: =G34*FairProp -> 8.7430536 | I34: =IF(G34<=SpcLimit,SUMPRODUCT((H34>SLo)*(H34-SLo)*SD),SUMPRODUCT((H34>GLo)*(H34-GLo)*GD)) -> 0.028672214 | J34: =H34*CityRate -> 0.012240275 | K34: =I34*EduProp -> 0.0057344429 | L34: =MAX(0,(G34-JongDeduct)*FairJong) -> 1.5430536 | M34: =SUMPRODUCT((L34>JLo)*(L34-JLo)*JD) -> 0.0077152681 | N34: =M34*NongJong -> 0.0015430536 | O34: =I34+J34+K34+M34+N34 -> 0.055905254
A35: 2 | B35: =INDEX(C_Name,A35) -> 신길삼성래미안 84㎡ | C35: 1 | D35: =CHOOSE(C35,G1,G2,G3) -> 0.02 | E35: 1 | F35: =INDEX(C_Price,A35)*(1+D35)^(E35-1) -> 13 | G35: =F35*Gongsi -> 8.97 | H35: =G35*FairProp -> 5.382 | I35: =IF(G35<=SpcLimit,SUMPRODUCT((H35>SLo)*(H35-SLo)*SD),SUMPRODUCT((H35>GLo)*(H35-GLo)*GD)) -> 0.012537 | J35: =H35*CityRate -> 0.0075348 | K35: =I35*EduProp -> 0.0025074 | L35: =MAX(0,(G35-JongDeduct)*FairJong) -> 0 | M35: =SUMPRODUCT((L35>JLo)*(L35-JLo)*JD) -> 0 | N35: =M35*NongJong -> 0 | O35: =I35+J35+K35+M35+N35 -> 0.0225792
A36: 2 | B36: =INDEX(C_Name,A36) -> 신길삼성래미안 84㎡ | C36: 1 | D36: =CHOOSE(C36,G1,G2,G3) -> 0.02 | E36: 2 | F36: =INDEX(C_Price,A36)*(1+D36)^(E36-1) -> 13.26 | G36: =F36*Gongsi -> 9.1494 | H36: =G36*FairProp -> 5.48964 | I36: =IF(G36<=SpcLimit,SUMPRODUCT((H36>SLo)*(H36-SLo)*SD),SUMPRODUCT((H36>GLo)*(H36-GLo)*GD)) -> 0.01565856 | J36: =H36*CityRate -> 0.007685496 | K36: =I36*EduProp -> 0.003131712 | L36: =MAX(0,(G36-JongDeduct)*FairJong) -> 0 | M36: =SUMPRODUCT((L36>JLo)*(L36-JLo)*JD) -> 0 | N36: =M36*NongJong -> 0 | O36: =I36+J36+K36+M36+N36 -> 0.026475768
A37: 2 | B37: =INDEX(C_Name,A37) -> 신길삼성래미안 84㎡ | C37: 1 | D37: =CHOOSE(C37,G1,G2,G3) -> 0.02 | E37: 3 | F37: =INDEX(C_Price,A37)*(1+D37)^(E37-1) -> 13.5252 | G37: =F37*Gongsi -> 9.332388 | H37: =G37*FairProp -> 5.5994328 | I37: =IF(G37<=SpcLimit,SUMPRODUCT((H37>SLo)*(H37-SLo)*SD),SUMPRODUCT((H37>GLo)*(H37-GLo)*GD)) -> 0.016097731 | J37: =H37*CityRate -> 0.0078392059 | K37: =I37*EduProp -> 0.0032195462 | L37: =MAX(0,(G37-JongDeduct)*FairJong) -> 0 | M37: =SUMPRODUCT((L37>JLo)*(L37-JLo)*JD) -> 0 | N37: =M37*NongJong -> 0 | O37: =I37+J37+K37+M37+N37 -> 0.027156483
A38: 2 | B38: =INDEX(C_Name,A38) -> 신길삼성래미안 84㎡ | C38: 1 | D38: =CHOOSE(C38,G1,G2,G3) -> 0.02 | E38: 4 | F38: =INDEX(C_Price,A38)*(1+D38)^(E38-1) -> 13.795704 | G38: =F38*Gongsi -> 9.5190358 | H38: =G38*FairProp -> 5.7114215 | I38: =IF(G38<=SpcLimit,SUMPRODUCT((H38>SLo)*(H38-SLo)*SD),SUMPRODUCT((H38>GLo)*(H38-GLo)*GD)) -> 0.016545686 | J38: =H38*CityRate -> 0.00799599 | K38: =I38*EduProp -> 0.0033091372 | L38: =MAX(0,(G38-JongDeduct)*FairJong) -> 0 | M38: =SUMPRODUCT((L38>JLo)*(L38-JLo)*JD) -> 0 | N38: =M38*NongJong -> 0 | O38: =I38+J38+K38+M38+N38 -> 0.027850813
A39: 2 | B39: =INDEX(C_Name,A39) -> 신길삼성래미안 84㎡ | C39: 1 | D39: =CHOOSE(C39,G1,G2,G3) -> 0.02 | E39: 5 | F39: =INDEX(C_Price,A39)*(1+D39)^(E39-1) -> 14.071618 | G39: =F39*Gongsi -> 9.7094165 | H39: =G39*FairProp -> 5.8256499 | I39: =IF(G39<=SpcLimit,SUMPRODUCT((H39>SLo)*(H39-SLo)*SD),SUMPRODUCT((H39>GLo)*(H39-GLo)*GD)) -> 0.0170026 | J39: =H39*CityRate -> 0.0081559098 | K39: =I39*EduProp -> 0.0034005199 | L39: =MAX(0,(G39-JongDeduct)*FairJong) -> 0 | M39: =SUMPRODUCT((L39>JLo)*(L39-JLo)*JD) -> 0 | N39: =M39*NongJong -> 0 | O39: =I39+J39+K39+M39+N39 -> 0.028559029
A40: 2 | B40: =INDEX(C_Name,A40) -> 신길삼성래미안 84㎡ | C40: 1 | D40: =CHOOSE(C40,G1,G2,G3) -> 0.02 | E40: 6 | F40: =INDEX(C_Price,A40)*(1+D40)^(E40-1) -> 14.35305 | G40: =F40*Gongsi -> 9.9036048 | H40: =G40*FairProp -> 5.9421629 | I40: =IF(G40<=SpcLimit,SUMPRODUCT((H40>SLo)*(H40-SLo)*SD),SUMPRODUCT((H40>GLo)*(H40-GLo)*GD)) -> 0.017468652 | J40: =H40*CityRate -> 0.008319028 | K40: =I40*EduProp -> 0.0034937303 | L40: =MAX(0,(G40-JongDeduct)*FairJong) -> 0 | M40: =SUMPRODUCT((L40>JLo)*(L40-JLo)*JD) -> 0 | N40: =M40*NongJong -> 0 | O40: =I40+J40+K40+M40+N40 -> 0.02928141
A41: 2 | B41: =INDEX(C_Name,A41) -> 신길삼성래미안 84㎡ | C41: 1 | D41: =CHOOSE(C41,G1,G2,G3) -> 0.02 | E41: 7 | F41: =INDEX(C_Price,A41)*(1+D41)^(E41-1) -> 14.640111 | G41: =F41*Gongsi -> 10.101677 | H41: =G41*FairProp -> 6.0610061 | I41: =IF(G41<=SpcLimit,SUMPRODUCT((H41>SLo)*(H41-SLo)*SD),SUMPRODUCT((H41>GLo)*(H41-GLo)*GD)) -> 0.017944025 | J41: =H41*CityRate -> 0.0084854086 | K41: =I41*EduProp -> 0.0035888049 | L41: =MAX(0,(G41-JongDeduct)*FairJong) -> 0 | M41: =SUMPRODUCT((L41>JLo)*(L41-JLo)*JD) -> 0 | N41: =M41*NongJong -> 0 | O41: =I41+J41+K41+M41+N41 -> 0.030018238
A42: 2 | B42: =INDEX(C_Name,A42) -> 신길삼성래미안 84㎡ | C42: 1 | D42: =CHOOSE(C42,G1,G2,G3) -> 0.02 | E42: 8 | F42: =INDEX(C_Price,A42)*(1+D42)^(E42-1) -> 14.932914 | G42: =F42*Gongsi -> 10.30371 | H42: =G42*FairProp -> 6.1822263 | I42: =IF(G42<=SpcLimit,SUMPRODUCT((H42>SLo)*(H42-SLo)*SD),SUMPRODUCT((H42>GLo)*(H42-GLo)*GD)) -> 0.018428905 | J42: =H42*CityRate -> 0.0086551168 | K42: =I42*EduProp -> 0.003685781 | L42: =MAX(0,(G42-JongDeduct)*FairJong) -> 0 | M42: =SUMPRODUCT((L42>JLo)*(L42-JLo)*JD) -> 0 | N42: =M42*NongJong -> 0 | O42: =I42+J42+K42+M42+N42 -> 0.030769803
A43: 2 | B43: =INDEX(C_Name,A43) -> 신길삼성래미안 84㎡ | C43: 1 | D43: =CHOOSE(C43,G1,G2,G3) -> 0.02 | E43: 9 | F43: =INDEX(C_Price,A43)*(1+D43)^(E43-1) -> 15.231572 | G43: =F43*Gongsi -> 10.509785 | H43: =G43*FairProp -> 6.3058708 | I43: =IF(G43<=SpcLimit,SUMPRODUCT((H43>SLo)*(H43-SLo)*SD),SUMPRODUCT((H43>GLo)*(H43-GLo)*GD)) -> 0.018923483 | J43: =H43*CityRate -> 0.0088282191 | K43: =I43*EduProp -> 0.0037846966 | L43: =MAX(0,(G43-JongDeduct)*FairJong) -> 0 | M43: =SUMPRODUCT((L43>JLo)*(L43-JLo)*JD) -> 0 | N43: =M43*NongJong -> 0 | O43: =I43+J43+K43+M43+N43 -> 0.031536399
A44: 2 | B44: =INDEX(C_Name,A44) -> 신길삼성래미안 84㎡ | C44: 1 | D44: =CHOOSE(C44,G1,G2,G3) -> 0.02 | E44: 10 | F44: =INDEX(C_Price,A44)*(1+D44)^(E44-1) -> 15.536203 | G44: =F44*Gongsi -> 10.71998 | H44: =G44*FairProp -> 6.4319882 | I44: =IF(G44<=SpcLimit,SUMPRODUCT((H44>SLo)*(H44-SLo)*SD),SUMPRODUCT((H44>GLo)*(H44-GLo)*GD)) -> 0.019427953 | J44: =H44*CityRate -> 0.0090047835 | K44: =I44*EduProp -> 0.0038855906 | L44: =MAX(0,(G44-JongDeduct)*FairJong) -> 0 | M44: =SUMPRODUCT((L44>JLo)*(L44-JLo)*JD) -> 0 | N44: =M44*NongJong -> 0 | O44: =I44+J44+K44+M44+N44 -> 0.032318327
A45: 2 | B45: =INDEX(C_Name,A45) -> 신길삼성래미안 84㎡ | C45: 2 | D45: =CHOOSE(C45,G1,G2,G3) -> 0.04 | E45: 1 | F45: =INDEX(C_Price,A45)*(1+D45)^(E45-1) -> 13 | G45: =F45*Gongsi -> 8.97 | H45: =G45*FairProp -> 5.382 | I45: =IF(G45<=SpcLimit,SUMPRODUCT((H45>SLo)*(H45-SLo)*SD),SUMPRODUCT((H45>GLo)*(H45-GLo)*GD)) -> 0.012537 | J45: =H45*CityRate -> 0.0075348 | K45: =I45*EduProp -> 0.0025074 | L45: =MAX(0,(G45-JongDeduct)*FairJong) -> 0 | M45: =SUMPRODUCT((L45>JLo)*(L45-JLo)*JD) -> 0 | N45: =M45*NongJong -> 0 | O45: =I45+J45+K45+M45+N45 -> 0.0225792
A46: 2 | B46: =INDEX(C_Name,A46) -> 신길삼성래미안 84㎡ | C46: 2 | D46: =CHOOSE(C46,G1,G2,G3) -> 0.04 | E46: 2 | F46: =INDEX(C_Price,A46)*(1+D46)^(E46-1) -> 13.52 | G46: =F46*Gongsi -> 9.3288 | H46: =G46*FairProp -> 5.59728 | I46: =IF(G46<=SpcLimit,SUMPRODUCT((H46>SLo)*(H46-SLo)*SD),SUMPRODUCT((H46>GLo)*(H46-GLo)*GD)) -> 0.01608912 | J46: =H46*CityRate -> 0.007836192 | K46: =I46*EduProp -> 0.003217824 | L46: =MAX(0,(G46-JongDeduct)*FairJong) -> 0 | M46: =SUMPRODUCT((L46>JLo)*(L46-JLo)*JD) -> 0 | N46: =M46*NongJong -> 0 | O46: =I46+J46+K46+M46+N46 -> 0.027143136
A47: 2 | B47: =INDEX(C_Name,A47) -> 신길삼성래미안 84㎡ | C47: 2 | D47: =CHOOSE(C47,G1,G2,G3) -> 0.04 | E47: 3 | F47: =INDEX(C_Price,A47)*(1+D47)^(E47-1) -> 14.0608 | G47: =F47*Gongsi -> 9.701952 | H47: =G47*FairProp -> 5.8211712 | I47: =IF(G47<=SpcLimit,SUMPRODUCT((H47>SLo)*(H47-SLo)*SD),SUMPRODUCT((H47>GLo)*(H47-GLo)*GD)) -> 0.016984685 | J47: =H47*CityRate -> 0.0081496397 | K47: =I47*EduProp -> 0.003396937 | L47: =MAX(0,(G47-JongDeduct)*FairJong) -> 0 | M47: =SUMPRODUCT((L47>JLo)*(L47-JLo)*JD) -> 0 | N47: =M47*NongJong -> 0 | O47: =I47+J47+K47+M47+N47 -> 0.028531261
A48: 2 | B48: =INDEX(C_Name,A48) -> 신길삼성래미안 84㎡ | C48: 2 | D48: =CHOOSE(C48,G1,G2,G3) -> 0.04 | E48: 4 | F48: =INDEX(C_Price,A48)*(1+D48)^(E48-1) -> 14.623232 | G48: =F48*Gongsi -> 10.09003 | H48: =G48*FairProp -> 6.054018 | I48: =IF(G48<=SpcLimit,SUMPRODUCT((H48>SLo)*(H48-SLo)*SD),SUMPRODUCT((H48>GLo)*(H48-GLo)*GD)) -> 0.017916072 | J48: =H48*CityRate -> 0.0084756253 | K48: =I48*EduProp -> 0.0035832144 | L48: =MAX(0,(G48-JongDeduct)*FairJong) -> 0 | M48: =SUMPRODUCT((L48>JLo)*(L48-JLo)*JD) -> 0 | N48: =M48*NongJong -> 0 | O48: =I48+J48+K48+M48+N48 -> 0.029974912
A49: 2 | B49: =INDEX(C_Name,A49) -> 신길삼성래미안 84㎡ | C49: 2 | D49: =CHOOSE(C49,G1,G2,G3) -> 0.04 | E49: 5 | F49: =INDEX(C_Price,A49)*(1+D49)^(E49-1) -> 15.208161 | G49: =F49*Gongsi -> 10.493631 | H49: =G49*FairProp -> 6.2961788 | I49: =IF(G49<=SpcLimit,SUMPRODUCT((H49>SLo)*(H49-SLo)*SD),SUMPRODUCT((H49>GLo)*(H49-GLo)*GD)) -> 0.018884715 | J49: =H49*CityRate -> 0.0088146503 | K49: =I49*EduProp -> 0.003776943 | L49: =MAX(0,(G49-JongDeduct)*FairJong) -> 0 | M49: =SUMPRODUCT((L49>JLo)*(L49-JLo)*JD) -> 0 | N49: =M49*NongJong -> 0 | O49: =I49+J49+K49+M49+N49 -> 0.031476308
A50: 2 | B50: =INDEX(C_Name,A50) -> 신길삼성래미안 84㎡ | C50: 2 | D50: =CHOOSE(C50,G1,G2,G3) -> 0.04 | E50: 6 | F50: =INDEX(C_Price,A50)*(1+D50)^(E50-1) -> 15.816488 | G50: =F50*Gongsi -> 10.913377 | H50: =G50*FairProp -> 6.5480259 | I50: =IF(G50<=SpcLimit,SUMPRODUCT((H50>SLo)*(H50-SLo)*SD),SUMPRODUCT((H50>GLo)*(H50-GLo)*GD)) -> 0.019892104 | J50: =H50*CityRate -> 0.0091672363 | K50: =I50*EduProp -> 0.0039784207 | L50: =MAX(0,(G50-JongDeduct)*FairJong) -> 0 | M50: =SUMPRODUCT((L50>JLo)*(L50-JLo)*JD) -> 0 | N50: =M50*NongJong -> 0 | O50: =I50+J50+K50+M50+N50 -> 0.033037761
A51: 2 | B51: =INDEX(C_Name,A51) -> 신길삼성래미안 84㎡ | C51: 2 | D51: =CHOOSE(C51,G1,G2,G3) -> 0.04 | E51: 7 | F51: =INDEX(C_Price,A51)*(1+D51)^(E51-1) -> 16.449147 | G51: =F51*Gongsi -> 11.349912 | H51: =G51*FairProp -> 6.809947 | I51: =IF(G51<=SpcLimit,SUMPRODUCT((H51>SLo)*(H51-SLo)*SD),SUMPRODUCT((H51>GLo)*(H51-GLo)*GD)) -> 0.020939788 | J51: =H51*CityRate -> 0.0095339257 | K51: =I51*EduProp -> 0.0041879576 | L51: =MAX(0,(G51-JongDeduct)*FairJong) -> 0 | M51: =SUMPRODUCT((L51>JLo)*(L51-JLo)*JD) -> 0 | N51: =M51*NongJong -> 0 | O51: =I51+J51+K51+M51+N51 -> 0.034661671
A52: 2 | B52: =INDEX(C_Name,A52) -> 신길삼성래미안 84㎡ | C52: 2 | D52: =CHOOSE(C52,G1,G2,G3) -> 0.04 | E52: 8 | F52: =INDEX(C_Price,A52)*(1+D52)^(E52-1) -> 17.107113 | G52: =F52*Gongsi -> 11.803908 | H52: =G52*FairProp -> 7.0823448 | I52: =IF(G52<=SpcLimit,SUMPRODUCT((H52>SLo)*(H52-SLo)*SD),SUMPRODUCT((H52>GLo)*(H52-GLo)*GD)) -> 0.022029379 | J52: =H52*CityRate -> 0.0099152828 | K52: =I52*EduProp -> 0.0044058759 | L52: =MAX(0,(G52-JongDeduct)*FairJong) -> 0 | M52: =SUMPRODUCT((L52>JLo)*(L52-JLo)*JD) -> 0 | N52: =M52*NongJong -> 0 | O52: =I52+J52+K52+M52+N52 -> 0.036350538
A53: 2 | B53: =INDEX(C_Name,A53) -> 신길삼성래미안 84㎡ | C53: 2 | D53: =CHOOSE(C53,G1,G2,G3) -> 0.04 | E53: 9 | F53: =INDEX(C_Price,A53)*(1+D53)^(E53-1) -> 17.791398 | G53: =F53*Gongsi -> 12.276064 | H53: =G53*FairProp -> 7.3656386 | I53: =IF(G53<=SpcLimit,SUMPRODUCT((H53>SLo)*(H53-SLo)*SD),SUMPRODUCT((H53>GLo)*(H53-GLo)*GD)) -> 0.023162555 | J53: =H53*CityRate -> 0.010311894 | K53: =I53*EduProp -> 0.0046325109 | L53: =MAX(0,(G53-JongDeduct)*FairJong) -> 0.16563863 | M53: =SUMPRODUCT((L53>JLo)*(L53-JLo)*JD) -> 0.00082819315 | N53: =M53*NongJong -> 0.00016563863 | O53: =I53+J53+K53+M53+N53 -> 0.039100791
A54: 2 | B54: =INDEX(C_Name,A54) -> 신길삼성래미안 84㎡ | C54: 2 | D54: =CHOOSE(C54,G1,G2,G3) -> 0.04 | E54: 10 | F54: =INDEX(C_Price,A54)*(1+D54)^(E54-1) -> 18.503054 | G54: =F54*Gongsi -> 12.767107 | H54: =G54*FairProp -> 7.6602642 | I54: =IF(G54<=SpcLimit,SUMPRODUCT((H54>SLo)*(H54-SLo)*SD),SUMPRODUCT((H54>GLo)*(H54-GLo)*GD)) -> 0.024341057 | J54: =H54*CityRate -> 0.01072437 | K54: =I54*EduProp -> 0.0048682113 | L54: =MAX(0,(G54-JongDeduct)*FairJong) -> 0.46026417 | M54: =SUMPRODUCT((L54>JLo)*(L54-JLo)*JD) -> 0.0023013209 | N54: =M54*NongJong -> 0.00046026417 | O54: =I54+J54+K54+M54+N54 -> 0.042695223
A55: 2 | B55: =INDEX(C_Name,A55) -> 신길삼성래미안 84㎡ | C55: 3 | D55: =CHOOSE(C55,G1,G2,G3) -> 0.06 | E55: 1 | F55: =INDEX(C_Price,A55)*(1+D55)^(E55-1) -> 13 | G55: =F55*Gongsi -> 8.97 | H55: =G55*FairProp -> 5.382 | I55: =IF(G55<=SpcLimit,SUMPRODUCT((H55>SLo)*(H55-SLo)*SD),SUMPRODUCT((H55>GLo)*(H55-GLo)*GD)) -> 0.012537 | J55: =H55*CityRate -> 0.0075348 | K55: =I55*EduProp -> 0.0025074 | L55: =MAX(0,(G55-JongDeduct)*FairJong) -> 0 | M55: =SUMPRODUCT((L55>JLo)*(L55-JLo)*JD) -> 0 | N55: =M55*NongJong -> 0 | O55: =I55+J55+K55+M55+N55 -> 0.0225792
A56: 2 | B56: =INDEX(C_Name,A56) -> 신길삼성래미안 84㎡ | C56: 3 | D56: =CHOOSE(C56,G1,G2,G3) -> 0.06 | E56: 2 | F56: =INDEX(C_Price,A56)*(1+D56)^(E56-1) -> 13.78 | G56: =F56*Gongsi -> 9.5082 | H56: =G56*FairProp -> 5.70492 | I56: =IF(G56<=SpcLimit,SUMPRODUCT((H56>SLo)*(H56-SLo)*SD),SUMPRODUCT((H56>GLo)*(H56-GLo)*GD)) -> 0.01651968 | J56: =H56*CityRate -> 0.007986888 | K56: =I56*EduProp -> 0.003303936 | L56: =MAX(0,(G56-JongDeduct)*FairJong) -> 0 | M56: =SUMPRODUCT((L56>JLo)*(L56-JLo)*JD) -> 0 | N56: =M56*NongJong -> 0 | O56: =I56+J56+K56+M56+N56 -> 0.027810504
A57: 2 | B57: =INDEX(C_Name,A57) -> 신길삼성래미안 84㎡ | C57: 3 | D57: =CHOOSE(C57,G1,G2,G3) -> 0.06 | E57: 3 | F57: =INDEX(C_Price,A57)*(1+D57)^(E57-1) -> 14.6068 | G57: =F57*Gongsi -> 10.078692 | H57: =G57*FairProp -> 6.0472152 | I57: =IF(G57<=SpcLimit,SUMPRODUCT((H57>SLo)*(H57-SLo)*SD),SUMPRODUCT((H57>GLo)*(H57-GLo)*GD)) -> 0.017888861 | J57: =H57*CityRate -> 0.0084661013 | K57: =I57*EduProp -> 0.0035777722 | L57: =MAX(0,(G57-JongDeduct)*FairJong) -> 0 | M57: =SUMPRODUCT((L57>JLo)*(L57-JLo)*JD) -> 0 | N57: =M57*NongJong -> 0 | O57: =I57+J57+K57+M57+N57 -> 0.029932734
A58: 2 | B58: =INDEX(C_Name,A58) -> 신길삼성래미안 84㎡ | C58: 3 | D58: =CHOOSE(C58,G1,G2,G3) -> 0.06 | E58: 4 | F58: =INDEX(C_Price,A58)*(1+D58)^(E58-1) -> 15.483208 | G58: =F58*Gongsi -> 10.683414 | H58: =G58*FairProp -> 6.4100481 | I58: =IF(G58<=SpcLimit,SUMPRODUCT((H58>SLo)*(H58-SLo)*SD),SUMPRODUCT((H58>GLo)*(H58-GLo)*GD)) -> 0.019340192 | J58: =H58*CityRate -> 0.0089740674 | K58: =I58*EduProp -> 0.0038680385 | L58: =MAX(0,(G58-JongDeduct)*FairJong) -> 0 | M58: =SUMPRODUCT((L58>JLo)*(L58-JLo)*JD) -> 0 | N58: =M58*NongJong -> 0 | O58: =I58+J58+K58+M58+N58 -> 0.032182298
A59: 2 | B59: =INDEX(C_Name,A59) -> 신길삼성래미안 84㎡ | C59: 3 | D59: =CHOOSE(C59,G1,G2,G3) -> 0.06 | E59: 5 | F59: =INDEX(C_Price,A59)*(1+D59)^(E59-1) -> 16.4122 | G59: =F59*Gongsi -> 11.324418 | H59: =G59*FairProp -> 6.794651 | I59: =IF(G59<=SpcLimit,SUMPRODUCT((H59>SLo)*(H59-SLo)*SD),SUMPRODUCT((H59>GLo)*(H59-GLo)*GD)) -> 0.020878604 | J59: =H59*CityRate -> 0.0095125114 | K59: =I59*EduProp -> 0.0041757208 | L59: =MAX(0,(G59-JongDeduct)*FairJong) -> 0 | M59: =SUMPRODUCT((L59>JLo)*(L59-JLo)*JD) -> 0 | N59: =M59*NongJong -> 0 | O59: =I59+J59+K59+M59+N59 -> 0.034566836
A60: 2 | B60: =INDEX(C_Name,A60) -> 신길삼성래미안 84㎡ | C60: 3 | D60: =CHOOSE(C60,G1,G2,G3) -> 0.06 | E60: 6 | F60: =INDEX(C_Price,A60)*(1+D60)^(E60-1) -> 17.396933 | G60: =F60*Gongsi -> 12.003883 | H60: =G60*FairProp -> 7.2023301 | I60: =IF(G60<=SpcLimit,SUMPRODUCT((H60>SLo)*(H60-SLo)*SD),SUMPRODUCT((H60>GLo)*(H60-GLo)*GD)) -> 0.02250932 | J60: =H60*CityRate -> 0.010083262 | K60: =I60*EduProp -> 0.004501864 | L60: =MAX(0,(G60-JongDeduct)*FairJong) -> 0.0023300586 | M60: =SUMPRODUCT((L60>JLo)*(L60-JLo)*JD) -> 1.1650293e-05 | N60: =M60*NongJong -> 2.3300586e-06 | O60: =I60+J60+K60+M60+N60 -> 0.037108427
A61: 2 | B61: =INDEX(C_Name,A61) -> 신길삼성래미안 84㎡ | C61: 3 | D61: =CHOOSE(C61,G1,G2,G3) -> 0.06 | E61: 7 | F61: =INDEX(C_Price,A61)*(1+D61)^(E61-1) -> 18.440748 | G61: =F61*Gongsi -> 12.724116 | H61: =G61*FairProp -> 7.6344699 | I61: =IF(G61<=SpcLimit,SUMPRODUCT((H61>SLo)*(H61-SLo)*SD),SUMPRODUCT((H61>GLo)*(H61-GLo)*GD)) -> 0.024237879 | J61: =H61*CityRate -> 0.010688258 | K61: =I61*EduProp -> 0.0048475759 | L61: =MAX(0,(G61-JongDeduct)*FairJong) -> 0.43446986 | M61: =SUMPRODUCT((L61>JLo)*(L61-JLo)*JD) -> 0.0021723493 | N61: =M61*NongJong -> 0.00043446986 | O61: =I61+J61+K61+M61+N61 -> 0.042380532
A62: 2 | B62: =INDEX(C_Name,A62) -> 신길삼성래미안 84㎡ | C62: 3 | D62: =CHOOSE(C62,G1,G2,G3) -> 0.06 | E62: 8 | F62: =INDEX(C_Price,A62)*(1+D62)^(E62-1) -> 19.547193 | G62: =F62*Gongsi -> 13.487563 | H62: =G62*FairProp -> 8.0925381 | I62: =IF(G62<=SpcLimit,SUMPRODUCT((H62>SLo)*(H62-SLo)*SD),SUMPRODUCT((H62>GLo)*(H62-GLo)*GD)) -> 0.026070152 | J62: =H62*CityRate -> 0.011329553 | K62: =I62*EduProp -> 0.0052140304 | L62: =MAX(0,(G62-JongDeduct)*FairJong) -> 0.89253805 | M62: =SUMPRODUCT((L62>JLo)*(L62-JLo)*JD) -> 0.0044626903 | N62: =M62*NongJong -> 0.00089253805 | O62: =I62+J62+K62+M62+N62 -> 0.047968964
A63: 2 | B63: =INDEX(C_Name,A63) -> 신길삼성래미안 84㎡ | C63: 3 | D63: =CHOOSE(C63,G1,G2,G3) -> 0.06 | E63: 9 | F63: =INDEX(C_Price,A63)*(1+D63)^(E63-1) -> 20.720025 | G63: =F63*Gongsi -> 14.296817 | H63: =G63*FairProp -> 8.5780903 | I63: =IF(G63<=SpcLimit,SUMPRODUCT((H63>SLo)*(H63-SLo)*SD),SUMPRODUCT((H63>GLo)*(H63-GLo)*GD)) -> 0.028012361 | J63: =H63*CityRate -> 0.012009326 | K63: =I63*EduProp -> 0.0056024723 | L63: =MAX(0,(G63-JongDeduct)*FairJong) -> 1.3780903 | M63: =SUMPRODUCT((L63>JLo)*(L63-JLo)*JD) -> 0.0068904517 | N63: =M63*NongJong -> 0.0013780903 | O63: =I63+J63+K63+M63+N63 -> 0.053892702
A64: 2 | B64: =INDEX(C_Name,A64) -> 신길삼성래미안 84㎡ | C64: 3 | D64: =CHOOSE(C64,G1,G2,G3) -> 0.06 | E64: 10 | F64: =INDEX(C_Price,A64)*(1+D64)^(E64-1) -> 21.963226 | G64: =F64*Gongsi -> 15.154626 | H64: =G64*FairProp -> 9.0927758 | I64: =IF(G64<=SpcLimit,SUMPRODUCT((H64>SLo)*(H64-SLo)*SD),SUMPRODUCT((H64>GLo)*(H64-GLo)*GD)) -> 0.030071103 | J64: =H64*CityRate -> 0.012729886 | K64: =I64*EduProp -> 0.0060142206 | L64: =MAX(0,(G64-JongDeduct)*FairJong) -> 1.8927758 | M64: =SUMPRODUCT((L64>JLo)*(L64-JLo)*JD) -> 0.0094638788 | N64: =M64*NongJong -> 0.0018927758 | O64: =I64+J64+K64+M64+N64 -> 0.060171864
A65: 3 | B65: =INDEX(C_Name,A65) -> 신길 래미안에스티움 84㎡ | C65: 1 | D65: =CHOOSE(C65,G1,G2,G3) -> 0.02 | E65: 1 | F65: =INDEX(C_Price,A65)*(1+D65)^(E65-1) -> 18.8 | G65: =F65*Gongsi -> 12.972 | H65: =G65*FairProp -> 7.7832 | I65: =IF(G65<=SpcLimit,SUMPRODUCT((H65>SLo)*(H65-SLo)*SD),SUMPRODUCT((H65>GLo)*(H65-GLo)*GD)) -> 0.0248328 | J65: =H65*CityRate -> 0.01089648 | K65: =I65*EduProp -> 0.00496656 | L65: =MAX(0,(G65-JongDeduct)*FairJong) -> 0.5832 | M65: =SUMPRODUCT((L65>JLo)*(L65-JLo)*JD) -> 0.002916 | N65: =M65*NongJong -> 0.0005832 | O65: =I65+J65+K65+M65+N65 -> 0.04419504
A66: 3 | B66: =INDEX(C_Name,A66) -> 신길 래미안에스티움 84㎡ | C66: 1 | D66: =CHOOSE(C66,G1,G2,G3) -> 0.02 | E66: 2 | F66: =INDEX(C_Price,A66)*(1+D66)^(E66-1) -> 19.176 | G66: =F66*Gongsi -> 13.23144 | H66: =G66*FairProp -> 7.938864 | I66: =IF(G66<=SpcLimit,SUMPRODUCT((H66>SLo)*(H66-SLo)*SD),SUMPRODUCT((H66>GLo)*(H66-GLo)*GD)) -> 0.025455456 | J66: =H66*CityRate -> 0.01111441 | K66: =I66*EduProp -> 0.0050910912 | L66: =MAX(0,(G66-JongDeduct)*FairJong) -> 0.738864 | M66: =SUMPRODUCT((L66>JLo)*(L66-JLo)*JD) -> 0.00369432 | N66: =M66*NongJong -> 0.000738864 | O66: =I66+J66+K66+M66+N66 -> 0.046094141
A67: 3 | B67: =INDEX(C_Name,A67) -> 신길 래미안에스티움 84㎡ | C67: 1 | D67: =CHOOSE(C67,G1,G2,G3) -> 0.02 | E67: 3 | F67: =INDEX(C_Price,A67)*(1+D67)^(E67-1) -> 19.55952 | G67: =F67*Gongsi -> 13.496069 | H67: =G67*FairProp -> 8.0976413 | I67: =IF(G67<=SpcLimit,SUMPRODUCT((H67>SLo)*(H67-SLo)*SD),SUMPRODUCT((H67>GLo)*(H67-GLo)*GD)) -> 0.026090565 | J67: =H67*CityRate -> 0.011336698 | K67: =I67*EduProp -> 0.005218113 | L67: =MAX(0,(G67-JongDeduct)*FairJong) -> 0.89764128 | M67: =SUMPRODUCT((L67>JLo)*(L67-JLo)*JD) -> 0.0044882064 | N67: =M67*NongJong -> 0.00089764128 | O67: =I67+J67+K67+M67+N67 -> 0.048031224
A68: 3 | B68: =INDEX(C_Name,A68) -> 신길 래미안에스티움 84㎡ | C68: 1 | D68: =CHOOSE(C68,G1,G2,G3) -> 0.02 | E68: 4 | F68: =INDEX(C_Price,A68)*(1+D68)^(E68-1) -> 19.95071 | G68: =F68*Gongsi -> 13.76599 | H68: =G68*FairProp -> 8.2595941 | I68: =IF(G68<=SpcLimit,SUMPRODUCT((H68>SLo)*(H68-SLo)*SD),SUMPRODUCT((H68>GLo)*(H68-GLo)*GD)) -> 0.026738376 | J68: =H68*CityRate -> 0.011563432 | K68: =I68*EduProp -> 0.0053476753 | L68: =MAX(0,(G68-JongDeduct)*FairJong) -> 1.0595941 | M68: =SUMPRODUCT((L68>JLo)*(L68-JLo)*JD) -> 0.0052979705 | N68: =M68*NongJong -> 0.0010595941 | O68: =I68+J68+K68+M68+N68 -> 0.050007048
A69: 3 | B69: =INDEX(C_Name,A69) -> 신길 래미안에스티움 84㎡ | C69: 1 | D69: =CHOOSE(C69,G1,G2,G3) -> 0.02 | E69: 5 | F69: =INDEX(C_Price,A69)*(1+D69)^(E69-1) -> 20.349725 | G69: =F69*Gongsi -> 14.04131 | H69: =G69*FairProp -> 8.424786 | I69: =IF(G69<=SpcLimit,SUMPRODUCT((H69>SLo)*(H69-SLo)*SD),SUMPRODUCT((H69>GLo)*(H69-GLo)*GD)) -> 0.027399144 | J69: =H69*CityRate -> 0.0117947 | K69: =I69*EduProp -> 0.0054798288 | L69: =MAX(0,(G69-JongDeduct)*FairJong) -> 1.224786 | M69: =SUMPRODUCT((L69>JLo)*(L69-JLo)*JD) -> 0.0061239299 | N69: =M69*NongJong -> 0.001224786 | O69: =I69+J69+K69+M69+N69 -> 0.052022389
A70: 3 | B70: =INDEX(C_Name,A70) -> 신길 래미안에스티움 84㎡ | C70: 1 | D70: =CHOOSE(C70,G1,G2,G3) -> 0.02 | E70: 6 | F70: =INDEX(C_Price,A70)*(1+D70)^(E70-1) -> 20.756719 | G70: =F70*Gongsi -> 14.322136 | H70: =G70*FairProp -> 8.5932817 | I70: =IF(G70<=SpcLimit,SUMPRODUCT((H70>SLo)*(H70-SLo)*SD),SUMPRODUCT((H70>GLo)*(H70-GLo)*GD)) -> 0.028073127 | J70: =H70*CityRate -> 0.012030594 | K70: =I70*EduProp -> 0.0056146254 | L70: =MAX(0,(G70-JongDeduct)*FairJong) -> 1.3932817 | M70: =SUMPRODUCT((L70>JLo)*(L70-JLo)*JD) -> 0.0069664085 | N70: =M70*NongJong -> 0.0013932817 | O70: =I70+J70+K70+M70+N70 -> 0.054078037
A71: 3 | B71: =INDEX(C_Name,A71) -> 신길 래미안에스티움 84㎡ | C71: 1 | D71: =CHOOSE(C71,G1,G2,G3) -> 0.02 | E71: 7 | F71: =INDEX(C_Price,A71)*(1+D71)^(E71-1) -> 21.171853 | G71: =F71*Gongsi -> 14.608579 | H71: =G71*FairProp -> 8.7651473 | I71: =IF(G71<=SpcLimit,SUMPRODUCT((H71>SLo)*(H71-SLo)*SD),SUMPRODUCT((H71>GLo)*(H71-GLo)*GD)) -> 0.028760589 | J71: =H71*CityRate -> 0.012271206 | K71: =I71*EduProp -> 0.0057521179 | L71: =MAX(0,(G71-JongDeduct)*FairJong) -> 1.5651473 | M71: =SUMPRODUCT((L71>JLo)*(L71-JLo)*JD) -> 0.0078257367 | N71: =M71*NongJong -> 0.0015651473 | O71: =I71+J71+K71+M71+N71 -> 0.056174798
A72: 3 | B72: =INDEX(C_Name,A72) -> 신길 래미안에스티움 84㎡ | C72: 1 | D72: =CHOOSE(C72,G1,G2,G3) -> 0.02 | E72: 8 | F72: =INDEX(C_Price,A72)*(1+D72)^(E72-1) -> 21.595291 | G72: =F72*Gongsi -> 14.90075 | H72: =G72*FairProp -> 8.9404503 | I72: =IF(G72<=SpcLimit,SUMPRODUCT((H72>SLo)*(H72-SLo)*SD),SUMPRODUCT((H72>GLo)*(H72-GLo)*GD)) -> 0.029461801 | J72: =H72*CityRate -> 0.01251663 | K72: =I72*EduProp -> 0.0058923602 | L72: =MAX(0,(G72-JongDeduct)*FairJong) -> 1.7404503 | M72: =SUMPRODUCT((L72>JLo)*(L72-JLo)*JD) -> 0.0087022514 | N72: =M72*NongJong -> 0.0017404503 | O72: =I72+J72+K72+M72+N72 -> 0.058313494
A73: 3 | B73: =INDEX(C_Name,A73) -> 신길 래미안에스티움 84㎡ | C73: 1 | D73: =CHOOSE(C73,G1,G2,G3) -> 0.02 | E73: 9 | F73: =INDEX(C_Price,A73)*(1+D73)^(E73-1) -> 22.027196 | G73: =F73*Gongsi -> 15.198765 | H73: =G73*FairProp -> 9.1192593 | I73: =IF(G73<=SpcLimit,SUMPRODUCT((H73>SLo)*(H73-SLo)*SD),SUMPRODUCT((H73>GLo)*(H73-GLo)*GD)) -> 0.030177037 | J73: =H73*CityRate -> 0.012766963 | K73: =I73*EduProp -> 0.0060354074 | L73: =MAX(0,(G73-JongDeduct)*FairJong) -> 1.9192593 | M73: =SUMPRODUCT((L73>JLo)*(L73-JLo)*JD) -> 0.0095962965 | N73: =M73*NongJong -> 0.0019192593 | O73: =I73+J73+K73+M73+N73 -> 0.060494963
A74: 3 | B74: =INDEX(C_Name,A74) -> 신길 래미안에스티움 84㎡ | C74: 1 | D74: =CHOOSE(C74,G1,G2,G3) -> 0.02 | E74: 10 | F74: =INDEX(C_Price,A74)*(1+D74)^(E74-1) -> 22.46774 | G74: =F74*Gongsi -> 15.502741 | H74: =G74*FairProp -> 9.3016445 | I74: =IF(G74<=SpcLimit,SUMPRODUCT((H74>SLo)*(H74-SLo)*SD),SUMPRODUCT((H74>GLo)*(H74-GLo)*GD)) -> 0.030906578 | J74: =H74*CityRate -> 0.013022302 | K74: =I74*EduProp -> 0.0061813156 | L74: =MAX(0,(G74-JongDeduct)*FairJong) -> 2.1016445 | M74: =SUMPRODUCT((L74>JLo)*(L74-JLo)*JD) -> 0.010508222 | N74: =M74*NongJong -> 0.0021016445 | O74: =I74+J74+K74+M74+N74 -> 0.062720063
A75: 3 | B75: =INDEX(C_Name,A75) -> 신길 래미안에스티움 84㎡ | C75: 2 | D75: =CHOOSE(C75,G1,G2,G3) -> 0.04 | E75: 1 | F75: =INDEX(C_Price,A75)*(1+D75)^(E75-1) -> 18.8 | G75: =F75*Gongsi -> 12.972 | H75: =G75*FairProp -> 7.7832 | I75: =IF(G75<=SpcLimit,SUMPRODUCT((H75>SLo)*(H75-SLo)*SD),SUMPRODUCT((H75>GLo)*(H75-GLo)*GD)) -> 0.0248328 | J75: =H75*CityRate -> 0.01089648 | K75: =I75*EduProp -> 0.00496656 | L75: =MAX(0,(G75-JongDeduct)*FairJong) -> 0.5832 | M75: =SUMPRODUCT((L75>JLo)*(L75-JLo)*JD) -> 0.002916 | N75: =M75*NongJong -> 0.0005832 | O75: =I75+J75+K75+M75+N75 -> 0.04419504
A76: 3 | B76: =INDEX(C_Name,A76) -> 신길 래미안에스티움 84㎡ | C76: 2 | D76: =CHOOSE(C76,G1,G2,G3) -> 0.04 | E76: 2 | F76: =INDEX(C_Price,A76)*(1+D76)^(E76-1) -> 19.552 | G76: =F76*Gongsi -> 13.49088 | H76: =G76*FairProp -> 8.094528 | I76: =IF(G76<=SpcLimit,SUMPRODUCT((H76>SLo)*(H76-SLo)*SD),SUMPRODUCT((H76>GLo)*(H76-GLo)*GD)) -> 0.026078112 | J76: =H76*CityRate -> 0.011332339 | K76: =I76*EduProp -> 0.0052156224 | L76: =MAX(0,(G76-JongDeduct)*FairJong) -> 0.894528 | M76: =SUMPRODUCT((L76>JLo)*(L76-JLo)*JD) -> 0.00447264 | N76: =M76*NongJong -> 0.000894528 | O76: =I76+J76+K76+M76+N76 -> 0.047993242
A77: 3 | B77: =INDEX(C_Name,A77) -> 신길 래미안에스티움 84㎡ | C77: 2 | D77: =CHOOSE(C77,G1,G2,G3) -> 0.04 | E77: 3 | F77: =INDEX(C_Price,A77)*(1+D77)^(E77-1) -> 20.33408 | G77: =F77*Gongsi -> 14.030515 | H77: =G77*FairProp -> 8.4183091 | I77: =IF(G77<=SpcLimit,SUMPRODUCT((H77>SLo)*(H77-SLo)*SD),SUMPRODUCT((H77>GLo)*(H77-GLo)*GD)) -> 0.027373236 | J77: =H77*CityRate -> 0.011785633 | K77: =I77*EduProp -> 0.0054746473 | L77: =MAX(0,(G77-JongDeduct)*FairJong) -> 1.2183091 | M77: =SUMPRODUCT((L77>JLo)*(L77-JLo)*JD) -> 0.0060915456 | N77: =M77*NongJong -> 0.0012183091 | O77: =I77+J77+K77+M77+N77 -> 0.051943371
A78: 3 | B78: =INDEX(C_Name,A78) -> 신길 래미안에스티움 84㎡ | C78: 2 | D78: =CHOOSE(C78,G1,G2,G3) -> 0.04 | E78: 4 | F78: =INDEX(C_Price,A78)*(1+D78)^(E78-1) -> 21.147443 | G78: =F78*Gongsi -> 14.591736 | H78: =G78*FairProp -> 8.7550415 | I78: =IF(G78<=SpcLimit,SUMPRODUCT((H78>SLo)*(H78-SLo)*SD),SUMPRODUCT((H78>GLo)*(H78-GLo)*GD)) -> 0.028720166 | J78: =H78*CityRate -> 0.012257058 | K78: =I78*EduProp -> 0.0057440332 | L78: =MAX(0,(G78-JongDeduct)*FairJong) -> 1.5550415 | M78: =SUMPRODUCT((L78>JLo)*(L78-JLo)*JD) -> 0.0077752074 | N78: =M78*NongJong -> 0.0015550415 | O78: =I78+J78+K78+M78+N78 -> 0.056051506
A79: 3 | B79: =INDEX(C_Name,A79) -> 신길 래미안에스티움 84㎡ | C79: 2 | D79: =CHOOSE(C79,G1,G2,G3) -> 0.04 | E79: 5 | F79: =INDEX(C_Price,A79)*(1+D79)^(E79-1) -> 21.993341 | G79: =F79*Gongsi -> 15.175405 | H79: =G79*FairProp -> 9.1052431 | I79: =IF(G79<=SpcLimit,SUMPRODUCT((H79>SLo)*(H79-SLo)*SD),SUMPRODUCT((H79>GLo)*(H79-GLo)*GD)) -> 0.030120973 | J79: =H79*CityRate -> 0.01274734 | K79: =I79*EduProp -> 0.0060241945 | L79: =MAX(0,(G79-JongDeduct)*FairJong) -> 1.9052431 | M79: =SUMPRODUCT((L79>JLo)*(L79-JLo)*JD) -> 0.0095262157 | N79: =M79*NongJong -> 0.0019052431 | O79: =I79+J79+K79+M79+N79 -> 0.060323966
A80: 3 | B80: =INDEX(C_Name,A80) -> 신길 래미안에스티움 84㎡ | C80: 2 | D80: =CHOOSE(C80,G1,G2,G3) -> 0.04 | E80: 6 | F80: =INDEX(C_Price,A80)*(1+D80)^(E80-1) -> 22.873075 | G80: =F80*Gongsi -> 15.782421 | H80: =G80*FairProp -> 9.4694529 | I80: =IF(G80<=SpcLimit,SUMPRODUCT((H80>SLo)*(H80-SLo)*SD),SUMPRODUCT((H80>GLo)*(H80-GLo)*GD)) -> 0.031577811 | J80: =H80*CityRate -> 0.013257234 | K80: =I80*EduProp -> 0.0063155623 | L80: =MAX(0,(G80-JongDeduct)*FairJong) -> 2.2694529 | M80: =SUMPRODUCT((L80>JLo)*(L80-JLo)*JD) -> 0.011347264 | N80: =M80*NongJong -> 0.0022694529 | O80: =I80+J80+K80+M80+N80 -> 0.064767325
A81: 3 | B81: =INDEX(C_Name,A81) -> 신길 래미안에스티움 84㎡ | C81: 2 | D81: =CHOOSE(C81,G1,G2,G3) -> 0.04 | E81: 7 | F81: =INDEX(C_Price,A81)*(1+D81)^(E81-1) -> 23.787998 | G81: =F81*Gongsi -> 16.413718 | H81: =G81*FairProp -> 9.848231 | I81: =IF(G81<=SpcLimit,SUMPRODUCT((H81>SLo)*(H81-SLo)*SD),SUMPRODUCT((H81>GLo)*(H81-GLo)*GD)) -> 0.033092924 | J81: =H81*CityRate -> 0.013787523 | K81: =I81*EduProp -> 0.0066185848 | L81: =MAX(0,(G81-JongDeduct)*FairJong) -> 2.648231 | M81: =SUMPRODUCT((L81>JLo)*(L81-JLo)*JD) -> 0.013241155 | N81: =M81*NongJong -> 0.002648231 | O81: =I81+J81+K81+M81+N81 -> 0.069388418
A82: 3 | B82: =INDEX(C_Name,A82) -> 신길 래미안에스티움 84㎡ | C82: 2 | D82: =CHOOSE(C82,G1,G2,G3) -> 0.04 | E82: 8 | F82: =INDEX(C_Price,A82)*(1+D82)^(E82-1) -> 24.739517 | G82: =F82*Gongsi -> 17.070267 | H82: =G82*FairProp -> 10.24216 | I82: =IF(G82<=SpcLimit,SUMPRODUCT((H82>SLo)*(H82-SLo)*SD),SUMPRODUCT((H82>GLo)*(H82-GLo)*GD)) -> 0.034668641 | J82: =H82*CityRate -> 0.014339024 | K82: =I82*EduProp -> 0.0069337282 | L82: =MAX(0,(G82-JongDeduct)*FairJong) -> 3.0421602 | M82: =SUMPRODUCT((L82>JLo)*(L82-JLo)*JD) -> 0.015295122 | N82: =M82*NongJong -> 0.0030590243 | O82: =I82+J82+K82+M82+N82 -> 0.074295539
A83: 3 | B83: =INDEX(C_Name,A83) -> 신길 래미안에스티움 84㎡ | C83: 2 | D83: =CHOOSE(C83,G1,G2,G3) -> 0.04 | E83: 9 | F83: =INDEX(C_Price,A83)*(1+D83)^(E83-1) -> 25.729098 | G83: =F83*Gongsi -> 17.753078 | H83: =G83*FairProp -> 10.651847 | I83: =IF(G83<=SpcLimit,SUMPRODUCT((H83>SLo)*(H83-SLo)*SD),SUMPRODUCT((H83>GLo)*(H83-GLo)*GD)) -> 0.036307387 | J83: =H83*CityRate -> 0.014912585 | K83: =I83*EduProp -> 0.0072614773 | L83: =MAX(0,(G83-JongDeduct)*FairJong) -> 3.4518466 | M83: =SUMPRODUCT((L83>JLo)*(L83-JLo)*JD) -> 0.018162926 | N83: =M83*NongJong -> 0.0036325853 | O83: =I83+J83+K83+M83+N83 -> 0.080276961
A84: 3 | B84: =INDEX(C_Name,A84) -> 신길 래미안에스티움 84㎡ | C84: 2 | D84: =CHOOSE(C84,G1,G2,G3) -> 0.04 | E84: 10 | F84: =INDEX(C_Price,A84)*(1+D84)^(E84-1) -> 26.758262 | G84: =F84*Gongsi -> 18.463201 | H84: =G84*FairProp -> 11.07792 | I84: =IF(G84<=SpcLimit,SUMPRODUCT((H84>SLo)*(H84-SLo)*SD),SUMPRODUCT((H84>GLo)*(H84-GLo)*GD)) -> 0.038011682 | J84: =H84*CityRate -> 0.015509089 | K84: =I84*EduProp -> 0.0076023364 | L84: =MAX(0,(G84-JongDeduct)*FairJong) -> 3.8779205 | M84: =SUMPRODUCT((L84>JLo)*(L84-JLo)*JD) -> 0.021145443 | N84: =M84*NongJong -> 0.0042290887 | O84: =I84+J84+K84+M84+N84 -> 0.086497639
A85: 3 | B85: =INDEX(C_Name,A85) -> 신길 래미안에스티움 84㎡ | C85: 3 | D85: =CHOOSE(C85,G1,G2,G3) -> 0.06 | E85: 1 | F85: =INDEX(C_Price,A85)*(1+D85)^(E85-1) -> 18.8 | G85: =F85*Gongsi -> 12.972 | H85: =G85*FairProp -> 7.7832 | I85: =IF(G85<=SpcLimit,SUMPRODUCT((H85>SLo)*(H85-SLo)*SD),SUMPRODUCT((H85>GLo)*(H85-GLo)*GD)) -> 0.0248328 | J85: =H85*CityRate -> 0.01089648 | K85: =I85*EduProp -> 0.00496656 | L85: =MAX(0,(G85-JongDeduct)*FairJong) -> 0.5832 | M85: =SUMPRODUCT((L85>JLo)*(L85-JLo)*JD) -> 0.002916 | N85: =M85*NongJong -> 0.0005832 | O85: =I85+J85+K85+M85+N85 -> 0.04419504
A86: 3 | B86: =INDEX(C_Name,A86) -> 신길 래미안에스티움 84㎡ | C86: 3 | D86: =CHOOSE(C86,G1,G2,G3) -> 0.06 | E86: 2 | F86: =INDEX(C_Price,A86)*(1+D86)^(E86-1) -> 19.928 | G86: =F86*Gongsi -> 13.75032 | H86: =G86*FairProp -> 8.250192 | I86: =IF(G86<=SpcLimit,SUMPRODUCT((H86>SLo)*(H86-SLo)*SD),SUMPRODUCT((H86>GLo)*(H86-GLo)*GD)) -> 0.026700768 | J86: =H86*CityRate -> 0.011550269 | K86: =I86*EduProp -> 0.0053401536 | L86: =MAX(0,(G86-JongDeduct)*FairJong) -> 1.050192 | M86: =SUMPRODUCT((L86>JLo)*(L86-JLo)*JD) -> 0.00525096 | N86: =M86*NongJong -> 0.001050192 | O86: =I86+J86+K86+M86+N86 -> 0.049892342
A87: 3 | B87: =INDEX(C_Name,A87) -> 신길 래미안에스티움 84㎡ | C87: 3 | D87: =CHOOSE(C87,G1,G2,G3) -> 0.06 | E87: 3 | F87: =INDEX(C_Price,A87)*(1+D87)^(E87-1) -> 21.12368 | G87: =F87*Gongsi -> 14.575339 | H87: =G87*FairProp -> 8.7452035 | I87: =IF(G87<=SpcLimit,SUMPRODUCT((H87>SLo)*(H87-SLo)*SD),SUMPRODUCT((H87>GLo)*(H87-GLo)*GD)) -> 0.028680814 | J87: =H87*CityRate -> 0.012243285 | K87: =I87*EduProp -> 0.0057361628 | L87: =MAX(0,(G87-JongDeduct)*FairJong) -> 1.5452035 | M87: =SUMPRODUCT((L87>JLo)*(L87-JLo)*JD) -> 0.0077260176 | N87: =M87*NongJong -> 0.0015452035 | O87: =I87+J87+K87+M87+N87 -> 0.055931483
A88: 3 | B88: =INDEX(C_Name,A88) -> 신길 래미안에스티움 84㎡ | C88: 3 | D88: =CHOOSE(C88,G1,G2,G3) -> 0.06 | E88: 4 | F88: =INDEX(C_Price,A88)*(1+D88)^(E88-1) -> 22.391101 | G88: =F88*Gongsi -> 15.44986 | H88: =G88*FairProp -> 9.2699157 | I88: =IF(G88<=SpcLimit,SUMPRODUCT((H88>SLo)*(H88-SLo)*SD),SUMPRODUCT((H88>GLo)*(H88-GLo)*GD)) -> 0.030779663 | J88: =H88*CityRate -> 0.012977882 | K88: =I88*EduProp -> 0.0061559326 | L88: =MAX(0,(G88-JongDeduct)*FairJong) -> 2.0699157 | M88: =SUMPRODUCT((L88>JLo)*(L88-JLo)*JD) -> 0.010349579 | N88: =M88*NongJong -> 0.0020699157 | O88: =I88+J88+K88+M88+N88 -> 0.062332972
A89: 3 | B89: =INDEX(C_Name,A89) -> 신길 래미안에스티움 84㎡ | C89: 3 | D89: =CHOOSE(C89,G1,G2,G3) -> 0.06 | E89: 5 | F89: =INDEX(C_Price,A89)*(1+D89)^(E89-1) -> 23.734567 | G89: =F89*Gongsi -> 16.376851 | H89: =G89*FairProp -> 9.8261107 | I89: =IF(G89<=SpcLimit,SUMPRODUCT((H89>SLo)*(H89-SLo)*SD),SUMPRODUCT((H89>GLo)*(H89-GLo)*GD)) -> 0.033004443 | J89: =H89*CityRate -> 0.013756555 | K89: =I89*EduProp -> 0.0066008885 | L89: =MAX(0,(G89-JongDeduct)*FairJong) -> 2.6261107 | M89: =SUMPRODUCT((L89>JLo)*(L89-JLo)*JD) -> 0.013130553 | N89: =M89*NongJong -> 0.0026261107 | O89: =I89+J89+K89+M89+N89 -> 0.06911855
A90: 3 | B90: =INDEX(C_Name,A90) -> 신길 래미안에스티움 84㎡ | C90: 3 | D90: =CHOOSE(C90,G1,G2,G3) -> 0.06 | E90: 6 | F90: =INDEX(C_Price,A90)*(1+D90)^(E90-1) -> 25.158641 | G90: =F90*Gongsi -> 17.359462 | H90: =G90*FairProp -> 10.415677 | I90: =IF(G90<=SpcLimit,SUMPRODUCT((H90>SLo)*(H90-SLo)*SD),SUMPRODUCT((H90>GLo)*(H90-GLo)*GD)) -> 0.035362709 | J90: =H90*CityRate -> 0.014581948 | K90: =I90*EduProp -> 0.0070725419 | L90: =MAX(0,(G90-JongDeduct)*FairJong) -> 3.2156773 | M90: =SUMPRODUCT((L90>JLo)*(L90-JLo)*JD) -> 0.016509741 | N90: =M90*NongJong -> 0.0033019482 | O90: =I90+J90+K90+M90+N90 -> 0.076828889
A91: 3 | B91: =INDEX(C_Name,A91) -> 신길 래미안에스티움 84㎡ | C91: 3 | D91: =CHOOSE(C91,G1,G2,G3) -> 0.06 | E91: 7 | F91: =INDEX(C_Price,A91)*(1+D91)^(E91-1) -> 26.668159 | G91: =F91*Gongsi -> 18.40103 | H91: =G91*FairProp -> 11.040618 | I91: =IF(G91<=SpcLimit,SUMPRODUCT((H91>SLo)*(H91-SLo)*SD),SUMPRODUCT((H91>GLo)*(H91-GLo)*GD)) -> 0.037862472 | J91: =H91*CityRate -> 0.015456865 | K91: =I91*EduProp -> 0.0075724944 | L91: =MAX(0,(G91-JongDeduct)*FairJong) -> 3.840618 | M91: =SUMPRODUCT((L91>JLo)*(L91-JLo)*JD) -> 0.020884326 | N91: =M91*NongJong -> 0.0041768651 | O91: =I91+J91+K91+M91+N91 -> 0.085953022
A92: 3 | B92: =INDEX(C_Name,A92) -> 신길 래미안에스티움 84㎡ | C92: 3 | D92: =CHOOSE(C92,G1,G2,G3) -> 0.06 | E92: 8 | F92: =INDEX(C_Price,A92)*(1+D92)^(E92-1) -> 28.268249 | G92: =F92*Gongsi -> 19.505092 | H92: =G92*FairProp -> 11.703055 | I92: =IF(G92<=SpcLimit,SUMPRODUCT((H92>SLo)*(H92-SLo)*SD),SUMPRODUCT((H92>GLo)*(H92-GLo)*GD)) -> 0.04051222 | J92: =H92*CityRate -> 0.016384277 | K92: =I92*EduProp -> 0.008102444 | L92: =MAX(0,(G92-JongDeduct)*FairJong) -> 4.503055 | M92: =SUMPRODUCT((L92>JLo)*(L92-JLo)*JD) -> 0.025521385 | N92: =M92*NongJong -> 0.005104277 | O92: =I92+J92+K92+M92+N92 -> 0.095624603
A93: 3 | B93: =INDEX(C_Name,A93) -> 신길 래미안에스티움 84㎡ | C93: 3 | D93: =CHOOSE(C93,G1,G2,G3) -> 0.06 | E93: 9 | F93: =INDEX(C_Price,A93)*(1+D93)^(E93-1) -> 29.964344 | G93: =F93*Gongsi -> 20.675397 | H93: =G93*FairProp -> 12.405238 | I93: =IF(G93<=SpcLimit,SUMPRODUCT((H93>SLo)*(H93-SLo)*SD),SUMPRODUCT((H93>GLo)*(H93-GLo)*GD)) -> 0.043320953 | J93: =H93*CityRate -> 0.017367334 | K93: =I93*EduProp -> 0.0086641907 | L93: =MAX(0,(G93-JongDeduct)*FairJong) -> 5.2052383 | M93: =SUMPRODUCT((L93>JLo)*(L93-JLo)*JD) -> 0.030436668 | N93: =M93*NongJong -> 0.0060873337 | O93: =I93+J93+K93+M93+N93 -> 0.10587648
A94: 3 | B94: =INDEX(C_Name,A94) -> 신길 래미안에스티움 84㎡ | C94: 3 | D94: =CHOOSE(C94,G1,G2,G3) -> 0.06 | E94: 10 | F94: =INDEX(C_Price,A94)*(1+D94)^(E94-1) -> 31.762204 | G94: =F94*Gongsi -> 21.915921 | H94: =G94*FairProp -> 13.149553 | I94: =IF(G94<=SpcLimit,SUMPRODUCT((H94>SLo)*(H94-SLo)*SD),SUMPRODUCT((H94>GLo)*(H94-GLo)*GD)) -> 0.046298211 | J94: =H94*CityRate -> 0.018409374 | K94: =I94*EduProp -> 0.0092596421 | L94: =MAX(0,(G94-JongDeduct)*FairJong) -> 5.9495526 | M94: =SUMPRODUCT((L94>JLo)*(L94-JLo)*JD) -> 0.035646868 | N94: =M94*NongJong -> 0.0071293737 | O94: =I94+J94+K94+M94+N94 -> 0.11674347
A95: 4 | B95: =INDEX(C_Name,A95) -> 신길 보라매SK뷰 84.98㎡ | C95: 1 | D95: =CHOOSE(C95,G1,G2,G3) -> 0.02 | E95: 1 | F95: =INDEX(C_Price,A95)*(1+D95)^(E95-1) -> 20.4 | G95: =F95*Gongsi -> 14.076 | H95: =G95*FairProp -> 8.4456 | I95: =IF(G95<=SpcLimit,SUMPRODUCT((H95>SLo)*(H95-SLo)*SD),SUMPRODUCT((H95>GLo)*(H95-GLo)*GD)) -> 0.0274824 | J95: =H95*CityRate -> 0.01182384 | K95: =I95*EduProp -> 0.00549648 | L95: =MAX(0,(G95-JongDeduct)*FairJong) -> 1.2456 | M95: =SUMPRODUCT((L95>JLo)*(L95-JLo)*JD) -> 0.006228 | N95: =M95*NongJong -> 0.0012456 | O95: =I95+J95+K95+M95+N95 -> 0.05227632
A96: 4 | B96: =INDEX(C_Name,A96) -> 신길 보라매SK뷰 84.98㎡ | C96: 1 | D96: =CHOOSE(C96,G1,G2,G3) -> 0.02 | E96: 2 | F96: =INDEX(C_Price,A96)*(1+D96)^(E96-1) -> 20.808 | G96: =F96*Gongsi -> 14.35752 | H96: =G96*FairProp -> 8.614512 | I96: =IF(G96<=SpcLimit,SUMPRODUCT((H96>SLo)*(H96-SLo)*SD),SUMPRODUCT((H96>GLo)*(H96-GLo)*GD)) -> 0.028158048 | J96: =H96*CityRate -> 0.012060317 | K96: =I96*EduProp -> 0.0056316096 | L96: =MAX(0,(G96-JongDeduct)*FairJong) -> 1.414512 | M96: =SUMPRODUCT((L96>JLo)*(L96-JLo)*JD) -> 0.00707256 | N96: =M96*NongJong -> 0.001414512 | O96: =I96+J96+K96+M96+N96 -> 0.054337046
A97: 4 | B97: =INDEX(C_Name,A97) -> 신길 보라매SK뷰 84.98㎡ | C97: 1 | D97: =CHOOSE(C97,G1,G2,G3) -> 0.02 | E97: 3 | F97: =INDEX(C_Price,A97)*(1+D97)^(E97-1) -> 21.22416 | G97: =F97*Gongsi -> 14.64467 | H97: =G97*FairProp -> 8.7868022 | I97: =IF(G97<=SpcLimit,SUMPRODUCT((H97>SLo)*(H97-SLo)*SD),SUMPRODUCT((H97>GLo)*(H97-GLo)*GD)) -> 0.028847209 | J97: =H97*CityRate -> 0.012301523 | K97: =I97*EduProp -> 0.0057694418 | L97: =MAX(0,(G97-JongDeduct)*FairJong) -> 1.5868022 | M97: =SUMPRODUCT((L97>JLo)*(L97-JLo)*JD) -> 0.0079340112 | N97: =M97*NongJong -> 0.0015868022 | O97: =I97+J97+K97+M97+N97 -> 0.056438987
A98: 4 | B98: =INDEX(C_Name,A98) -> 신길 보라매SK뷰 84.98㎡ | C98: 1 | D98: =CHOOSE(C98,G1,G2,G3) -> 0.02 | E98: 4 | F98: =INDEX(C_Price,A98)*(1+D98)^(E98-1) -> 21.648643 | G98: =F98*Gongsi -> 14.937564 | H98: =G98*FairProp -> 8.9625383 | I98: =IF(G98<=SpcLimit,SUMPRODUCT((H98>SLo)*(H98-SLo)*SD),SUMPRODUCT((H98>GLo)*(H98-GLo)*GD)) -> 0.029550153 | J98: =H98*CityRate -> 0.012547554 | K98: =I98*EduProp -> 0.0059100306 | L98: =MAX(0,(G98-JongDeduct)*FairJong) -> 1.7625383 | M98: =SUMPRODUCT((L98>JLo)*(L98-JLo)*JD) -> 0.0088126914 | N98: =M98*NongJong -> 0.0017625383 | O98: =I98+J98+K98+M98+N98 -> 0.058582967
A99: 4 | B99: =INDEX(C_Name,A99) -> 신길 보라매SK뷰 84.98㎡ | C99: 1 | D99: =CHOOSE(C99,G1,G2,G3) -> 0.02 | E99: 5 | F99: =INDEX(C_Price,A99)*(1+D99)^(E99-1) -> 22.081616 | G99: =F99*Gongsi -> 15.236315 | H99: =G99*FairProp -> 9.1417891 | I99: =IF(G99<=SpcLimit,SUMPRODUCT((H99>SLo)*(H99-SLo)*SD),SUMPRODUCT((H99>GLo)*(H99-GLo)*GD)) -> 0.030267156 | J99: =H99*CityRate -> 0.012798505 | K99: =I99*EduProp -> 0.0060534312 | L99: =MAX(0,(G99-JongDeduct)*FairJong) -> 1.9417891 | M99: =SUMPRODUCT((L99>JLo)*(L99-JLo)*JD) -> 0.0097089453 | N99: =M99*NongJong -> 0.0019417891 | O99: =I99+J99+K99+M99+N99 -> 0.060769826
A100: 4 | B100: =INDEX(C_Name,A100) -> 신길 보라매SK뷰 84.98㎡ | C100: 1 | D100: =CHOOSE(C100,G1,G2,G3) -> 0.02 | E100: 6 | F100: =INDEX(C_Price,A100)*(1+D100)^(E100-1) -> 22.523248 | G100: =F100*Gongsi -> 15.541041 | H100: =G100*FairProp -> 9.3246248 | I100: =IF(G100<=SpcLimit,SUMPRODUCT((H100>SLo)*(H100-SLo)*SD),SUMPRODUCT((H100>GLo)*(H100-GLo)*GD)) -> 0.030998499 | J100: =H100*CityRate -> 0.013054475 | K100: =I100*EduProp -> 0.0061996999 | L100: =MAX(0,(G100-JongDeduct)*FairJong) -> 2.1246248 | M100: =SUMPRODUCT((L100>JLo)*(L100-JLo)*JD) -> 0.010623124 | N100: =M100*NongJong -> 0.0021246248 | O100: =I100+J100+K100+M100+N100 -> 0.063000423
A101: 4 | B101: =INDEX(C_Name,A101) -> 신길 보라매SK뷰 84.98㎡ | C101: 1 | D101: =CHOOSE(C101,G1,G2,G3) -> 0.02 | E101: 7 | F101: =INDEX(C_Price,A101)*(1+D101)^(E101-1) -> 22.973713 | G101: =F101*Gongsi -> 15.851862 | H101: =G101*FairProp -> 9.5111173 | I101: =IF(G101<=SpcLimit,SUMPRODUCT((H101>SLo)*(H101-SLo)*SD),SUMPRODUCT((H101>GLo)*(H101-GLo)*GD)) -> 0.031744469 | J101: =H101*CityRate -> 0.013315564 | K101: =I101*EduProp -> 0.0063488939 | L101: =MAX(0,(G101-JongDeduct)*FairJong) -> 2.3111173 | M101: =SUMPRODUCT((L101>JLo)*(L101-JLo)*JD) -> 0.011555587 | N101: =M101*NongJong -> 0.0023111173 | O101: =I101+J101+K101+M101+N101 -> 0.065275631
...

Sheet 최대매수가능액
A1: 자기자본별 최대 매수 가능 가격 (LTV 40%·대출한도 반영, 전용 85㎡ 이하)
A2: 필요 자기자본 = 매매가 − 대출 + 취득세 등 + 매수비용. 15억 초과 시 대출이 6억→4억으로 줄어 필요 자기자본이 불연속적으로 뛰는 점에 유의하세요.
A4: 자기자본 | B4: 최대 매수가(억) | C4: 그때 대출(억) | D4: 그때 필요 자기자본(억) | E4: 15억 이하 최대 매수가(억)
A5: =Eq1 -> 12 | B5: =_xlfn.MAXIFS($A$12:$A$162,$E$12:$E$162,"<="&A5) -> 15.3 | C5: =INDEX($B$12:$B$162,MATCH(B5,$A$12:$A$162,0)) -> 4 | D5: =INDEX($E$12:$E$162,MATCH(B5,$A$12:$A$162,0)) -> 11.94271 | E5: =_xlfn.MAXIFS($A$12:$A$162,$E$12:$E$162,"<="&A5,$A$12:$A$162,"<=15") -> 15
A6: =Eq2 -> 14 | B6: =_xlfn.MAXIFS($A$12:$A$162,$E$12:$E$162,"<="&A6) -> 17.2 | C6: =INDEX($B$12:$B$162,MATCH(B6,$A$12:$A$162,0)) -> 4 | D6: =INDEX($E$12:$E$162,MATCH(B6,$A$12:$A$162,0)) -> 13.92004 | E6: =_xlfn.MAXIFS($A$12:$A$162,$E$12:$E$162,"<="&A6,$A$12:$A$162,"<=15") -> 15
A7: =Eq3 -> 16 | B7: =_xlfn.MAXIFS($A$12:$A$162,$E$12:$E$162,"<="&A7) -> 19.1 | C7: =INDEX($B$12:$B$162,MATCH(B7,$A$12:$A$162,0)) -> 4 | D7: =INDEX($E$12:$E$162,MATCH(B7,$A$12:$A$162,0)) -> 15.89737 | E7: =_xlfn.MAXIFS($A$12:$A$162,$E$12:$E$162,"<="&A7,$A$12:$A$162,"<=15") -> 15
A11: 매매가(억) | B11: 대출(억) | C11: 취득세 등(억) | D11: 매수비용(억) | E11: 필요 자기자본(억)
A12: 10 | B12: =MIN(LTV*A12,LOOKUP(A12,LoanLo,LoanCap)) -> 4 | C12: =A12*IF(A12<=6,0.01,IF(A12<=9,(A12*2/3-3)/100,0.03))*(1+EduAcq) -> 0.33 | D12: =A12*LOOKUP(A12,FeeLo,FeeR)*(1+VAT)+EtcBuy -> 0.075 | E12: =A12-B12+C12+D12 -> 6.405
A13: =ROUND(A12+0.1,1) -> 10.1 | B13: =MIN(LTV*A13,LOOKUP(A13,LoanLo,LoanCap)) -> 4.04 | C13: =A13*IF(A13<=6,0.01,IF(A13<=9,(A13*2/3-3)/100,0.03))*(1+EduAcq) -> 0.3333 | D13: =A13*LOOKUP(A13,FeeLo,FeeR)*(1+VAT)+EtcBuy -> 0.07555 | E13: =A13-B13+C13+D13 -> 6.46885
A14: =ROUND(A13+0.1,1) -> 10.2 | B14: =MIN(LTV*A14,LOOKUP(A14,LoanLo,LoanCap)) -> 4.08 | C14: =A14*IF(A14<=6,0.01,IF(A14<=9,(A14*2/3-3)/100,0.03))*(1+EduAcq) -> 0.3366 | D14: =A14*LOOKUP(A14,FeeLo,FeeR)*(1+VAT)+EtcBuy -> 0.0761 | E14: =A14-B14+C14+D14 -> 6.5327
A15: =ROUND(A14+0.1,1) -> 10.3 | B15: =MIN(LTV*A15,LOOKUP(A15,LoanLo,LoanCap)) -> 4.12 | C15: =A15*IF(A15<=6,0.01,IF(A15<=9,(A15*2/3-3)/100,0.03))*(1+EduAcq) -> 0.3399 | D15: =A15*LOOKUP(A15,FeeLo,FeeR)*(1+VAT)+EtcBuy -> 0.07665 | E15: =A15-B15+C15+D15 -> 6.59655
A16: =ROUND(A15+0.1,1) -> 10.4 | B16: =MIN(LTV*A16,LOOKUP(A16,LoanLo,LoanCap)) -> 4.16 | C16: =A16*IF(A16<=6,0.01,IF(A16<=9,(A16*2/3-3)/100,0.03))*(1+EduAcq) -> 0.3432 | D16: =A16*LOOKUP(A16,FeeLo,FeeR)*(1+VAT)+EtcBuy -> 0.0772 | E16: =A16-B16+C16+D16 -> 6.6604
A17: =ROUND(A16+0.1,1) -> 10.5 | B17: =MIN(LTV*A17,LOOKUP(A17,LoanLo,LoanCap)) -> 4.2 | C17: =A17*IF(A17<=6,0.01,IF(A17<=9,(A17*2/3-3)/100,0.03))*(1+EduAcq) -> 0.3465 | D17: =A17*LOOKUP(A17,FeeLo,FeeR)*(1+VAT)+EtcBuy -> 0.07775 | E17: =A17-B17+C17+D17 -> 6.72425
A18: =ROUND(A17+0.1,1) -> 10.6 | B18: =MIN(LTV*A18,LOOKUP(A18,LoanLo,LoanCap)) -> 4.24 | C18: =A18*IF(A18<=6,0.01,IF(A18<=9,(A18*2/3-3)/100,0.03))*(1+EduAcq) -> 0.3498 | D18: =A18*LOOKUP(A18,FeeLo,FeeR)*(1+VAT)+EtcBuy -> 0.0783 | E18: =A18-B18+C18+D18 -> 6.7881
A19: =ROUND(A18+0.1,1) -> 10.7 | B19: =MIN(LTV*A19,LOOKUP(A19,LoanLo,LoanCap)) -> 4.28 | C19: =A19*IF(A19<=6,0.01,IF(A19<=9,(A19*2/3-3)/100,0.03))*(1+EduAcq) -> 0.3531 | D19: =A19*LOOKUP(A19,FeeLo,FeeR)*(1+VAT)+EtcBuy -> 0.07885 | E19: =A19-B19+C19+D19 -> 6.85195
A20: =ROUND(A19+0.1,1) -> 10.8 | B20: =MIN(LTV*A20,LOOKUP(A20,LoanLo,LoanCap)) -> 4.32 | C20: =A20*IF(A20<=6,0.01,IF(A20<=9,(A20*2/3-3)/100,0.03))*(1+EduAcq) -> 0.3564 | D20: =A20*LOOKUP(A20,FeeLo,FeeR)*(1+VAT)+EtcBuy -> 0.0794 | E20: =A20-B20+C20+D20 -> 6.9158
A21: =ROUND(A20+0.1,1) -> 10.9 | B21: =MIN(LTV*A21,LOOKUP(A21,LoanLo,LoanCap)) -> 4.36 | C21: =A21*IF(A21<=6,0.01,IF(A21<=9,(A21*2/3-3)/100,0.03))*(1+EduAcq) -> 0.3597 | D21: =A21*LOOKUP(A21,FeeLo,FeeR)*(1+VAT)+EtcBuy -> 0.07995 | E21: =A21-B21+C21+D21 -> 6.97965
A22: =ROUND(A21+0.1,1) -> 11 | B22: =MIN(LTV*A22,LOOKUP(A22,LoanLo,LoanCap)) -> 4.4 | C22: =A22*IF(A22<=6,0.01,IF(A22<=9,(A22*2/3-3)/100,0.03))*(1+EduAcq) -> 0.363 | D22: =A22*LOOKUP(A22,FeeLo,FeeR)*(1+VAT)+EtcBuy -> 0.0805 | E22: =A22-B22+C22+D22 -> 7.0435
