Workbook

Sheet 입력가정
A1: 34평(전용84㎡) 입주권 비교 모델 - 입력값 (단위: 억원) / 기준일 2026-10-29
A2: 파란 글씨=입력값(교체 대상), 검정=수식. 노란 칸=웹검색으로 확인된 값, 나머지 파란 칸은 '가정치'로 중개업소 호가·조합 총회자료로 반드시 교체하세요.
A4: No | B4: 구역 | C4: 지역 | D4: 사업단계(확인) | E4: 종전 감정가 | F4: 비례율 | G4: 조합원 분양가(84㎡) | H4: 프리미엄(P) | I4: 이주비 대출비율(감정가 대비) | J4: 입주후 예상시세 | K4: 입주후 전세가율 | L4: 입주 예정 | M4: 데이터 신뢰도 | N4: 출처/비고
A5: 1 | B5: 해운대 우동3구역 | C5: 부산 해운대 | D5: 관리처분인가(2026-05 고시, 2,395세대, 현대건설) | E5: 5.5 | F5: 1.15 | G5: 13.5 | H5: 4 | I5: 0.4 | J5: 22 | K5: 0.45 | L5: 2031.06 예정 | M5: 중(비례율 블로그/나머지 가정) | N5: 비례율115%는 개인블로그 인용. 공사비 증액 협의·해운정사 민원 리스크
A6: 2 | B6: 부산진 촉진2-1구역 | C6: 부산 부산진 | D6: 시공사 포스코이앤씨 계약, 관리처분·이주 추진(1,902세대, 69층) | E6: 4.8 | F6: 1.1 | G6: 11.5 | H6: 3.5 | I6: 0.4 | J6: 17 | K6: 0.45 | L6: 2030 전후 가정 | M6: 하(전부 가정) | N6: 비례율 '190%'는 유튜브 표기로 신뢰 불가→110% 가정. 시민공원 인접
A7: 3 | B7: 부산진 촉진3구역 | C7: 부산 부산진 | D7: 확인 불가(검색 결과 없음) | E7: 4.5 | F7: 1.05 | G7: 11 | H7: 3 | I7: 0.4 | J7: 16.5 | K7: 0.45 | L7: 미확인 | M7: 하(전부 가정) | N7: 공개 수치 없음. 반드시 조합 공지 확인
A8: 4 | B8: 해운대 중동5구역 | C8: 부산 해운대 | D8: 시공사 DL이앤씨(2023), 1,119세대, 2026.06 착공·2029.10 준공 계획 | E8: 3.8 | F8: 0.9 | G8: 10.5 | H8: 3 | I8: 0.4 | J8: 17.5 | K8: 0.45 | L8: 2029.10 계획 | M8: 하(비대위 30%대 vs 조합 110% 분쟁) | N8: 비례율 분쟁 → 보수적 90% 가정. 오산마을 사업성 다툼
A9: 5 | B9: 수영구 삼익비치(재건축) | C9: 부산 수영 | D9: 재건축 조합원 분양가 통보(2026-10), 3,060세대 유지 | E9: 10.21 | F9: 1 | G9: 18.76 | H9: 2 | I9: 0 | J9: 26 | K9: 0.4 | L9: 2031 이후 가정 | M9: 상(분양가 18.76·분담금 8.55 기사 확인) | N9: 권리가액=18.76-8.55=10.21 역산. 재건축은 조합설립 후 양수 제한 가능(확인 필요)
A10: 6 | B10: 경기 성남권 구도심 재개발(예시) | C10: 경기 | D10: 예시 슬롯-실제 구역으로 교체 | E10: 6.5 | F10: 1.05 | G10: 12.5 | H10: 5 | I10: 0.4 | J10: 21 | K10: 0.5 | L10: 가정 | M10: 하(예시) | N10: 실제 구역·호가로 교체 필요
A11: 7 | B11: 경기 수원권 재개발(예시) | C11: 경기 | D11: 예시 슬롯-실제 구역으로 교체 | E11: 5 | F11: 1.05 | G11: 10.5 | H11: 3.5 | I11: 0.4 | J11: 15.5 | K11: 0.5 | L11: 가정 | M11: 하(예시) | N11: 실제 구역·호가로 교체 필요
A12: 8 | B12: 대구 수성/중구 재개발(예시) | C12: 대구 | D12: 예시 슬롯-실제 구역으로 교체 | E12: 3.5 | F12: 1 | G12: 8.5 | H12: 1.5 | I12: 0.4 | J12: 11.5 | K12: 0.5 | L12: 가정 | M12: 하(예시) | N12: 대구 미분양·입주 물량 리스크 고려
A13: 9 | B13: 대구 도심 재개발(예시) | C13: 대구 | D13: 예시 슬롯-실제 구역으로 교체 | E13: 3 | F13: 1 | G13: 7.8 | H13: 1.2 | I13: 0.4 | J13: 10 | K13: 0.5 | L13: 가정 | M13: 하(예시) | N13: 실제 구역·호가로 교체 필요
A14: 10 | B14: 대전 재개발(예시) | C14: 대전 | D14: 예시 슬롯-실제 구역으로 교체 | E14: 3.2 | F14: 1 | G14: 8.2 | H14: 1.8 | I14: 0.4 | J14: 11 | K14: 0.5 | L14: 가정 | M14: 하(예시) | N14: 실제 구역·호가로 교체 필요
A16: 가정 메모
A17: 프리미엄(P)=입주권 매매호가-종전 감정가. 공개 실거래가 없어 전부 가정(교체 필수).
A18: 이주비 대출비율은 감정가 대비 가정(통상 40~60%, 금융기관·규제 따라 상이). 삼익비치는 이주 전이라 0% 가정.
A19: 입주후 예상시세·전세가율은 인근 신축 시세 기반 가정치. 투자 판단 전 KB시세·실거래가로 재산정.
A20: 예시 슬롯(6~10번)은 검색으로 실제 구역을 특정하지 못해 일반 가정으로 채운 자리입니다.

Sheet 분석
A1: 수식 분석 (모든 값은 '입력가정' 시트 연동, 단위 억원)
A3: No | B3: 구역 | C3: 권리가액 | D3: 추가분담금 | E3: 총매매가(감정가+P) | F3: 이주비 대출 | G3: 실투자금(현재) | H3: 총투자금(입주시) | I3: 예상시세 | J3: 수익금 | K3: 수익률(총투자 대비) | L3: 실투자금 대비 수익률 | M3: 회수율(전세가/총투자) | N3: 프리미엄/예상시세차익 | O3: 종합점수 | P3: 순위
A4: =입력가정!A5 -> 1 | B4: =입력가정!B5 -> 해운대 우동3구역 | C4: =입력가정!E5*입력가정!F5 -> 6.325 | D4: =입력가정!G5-C4 -> 7.175 | E4: =입력가정!E5+입력가정!H5 -> 9.5 | F4: =입력가정!E5*입력가정!I5 -> 2.2 | G4: =E4-F4 -> 7.3 | H4: =E4+D4 -> 16.675 | I4: =입력가정!J5 -> 22 | J4: =I4-H4 -> 5.325 | K4: =IF(H4=0,0,J4/H4) -> 0.31934033 | L4: =IF(G4=0,0,J4/(G4+D4)) -> 0.36787565 | M4: =IF(H4=0,0,I4*입력가정!K5/H4) -> 0.59370315 | N4: =IF(I4=0,0,입력가정!H5/I4) -> 0.18181818 | O4: =K4*0.5+M4*0.3-N4*0.2 -> 0.30141747 | P4: =RANK(O4,$O$4:$O$13,0) -> 1
A5: =입력가정!A6 -> 2 | B5: =입력가정!B6 -> 부산진 촉진2-1구역 | C5: =입력가정!E6*입력가정!F6 -> 5.28 | D5: =입력가정!G6-C5 -> 6.22 | E5: =입력가정!E6+입력가정!H6 -> 8.3 | F5: =입력가정!E6*입력가정!I6 -> 1.92 | G5: =E5-F5 -> 6.38 | H5: =E5+D5 -> 14.52 | I5: =입력가정!J6 -> 17 | J5: =I5-H5 -> 2.48 | K5: =IF(H5=0,0,J5/H5) -> 0.1707989 | L5: =IF(G5=0,0,J5/(G5+D5)) -> 0.1968254 | M5: =IF(H5=0,0,I5*입력가정!K6/H5) -> 0.5268595 | N5: =IF(I5=0,0,입력가정!H6/I5) -> 0.20588235 | O5: =K5*0.5+M5*0.3-N5*0.2 -> 0.20228083 | P5: =RANK(O5,$O$4:$O$13,0) -> 7
A6: =입력가정!A7 -> 3 | B6: =입력가정!B7 -> 부산진 촉진3구역 | C6: =입력가정!E7*입력가정!F7 -> 4.725 | D6: =입력가정!G7-C6 -> 6.275 | E6: =입력가정!E7+입력가정!H7 -> 7.5 | F6: =입력가정!E7*입력가정!I7 -> 1.8 | G6: =E6-F6 -> 5.7 | H6: =E6+D6 -> 13.775 | I6: =입력가정!J7 -> 16.5 | J6: =I6-H6 -> 2.725 | K6: =IF(H6=0,0,J6/H6) -> 0.19782214 | L6: =IF(G6=0,0,J6/(G6+D6)) -> 0.22755741 | M6: =IF(H6=0,0,I6*입력가정!K7/H6) -> 0.53901996 | N6: =IF(I6=0,0,입력가정!H7/I6) -> 0.18181818 | O6: =K6*0.5+M6*0.3-N6*0.2 -> 0.22425342 | P6: =RANK(O6,$O$4:$O$13,0) -> 5
A7: =입력가정!A8 -> 4 | B7: =입력가정!B8 -> 해운대 중동5구역 | C7: =입력가정!E8*입력가정!F8 -> 3.42 | D7: =입력가정!G8-C7 -> 7.08 | E7: =입력가정!E8+입력가정!H8 -> 6.8 | F7: =입력가정!E8*입력가정!I8 -> 1.52 | G7: =E7-F7 -> 5.28 | H7: =E7+D7 -> 13.88 | I7: =입력가정!J8 -> 17.5 | J7: =I7-H7 -> 3.62 | K7: =IF(H7=0,0,J7/H7) -> 0.26080692 | L7: =IF(G7=0,0,J7/(G7+D7)) -> 0.29288026 | M7: =IF(H7=0,0,I7*입력가정!K8/H7) -> 0.56736311 | N7: =IF(I7=0,0,입력가정!H8/I7) -> 0.17142857 | O7: =K7*0.5+M7*0.3-N7*0.2 -> 0.26632668 | P7: =RANK(O7,$O$4:$O$13,0) -> 2
A8: =입력가정!A9 -> 5 | B8: =입력가정!B9 -> 수영구 삼익비치(재건축) | C8: =입력가정!E9*입력가정!F9 -> 10.21 | D8: =입력가정!G9-C8 -> 8.55 | E8: =입력가정!E9+입력가정!H9 -> 12.21 | F8: =입력가정!E9*입력가정!I9 -> 0 | G8: =E8-F8 -> 12.21 | H8: =E8+D8 -> 20.76 | I8: =입력가정!J9 -> 26 | J8: =I8-H8 -> 5.24 | K8: =IF(H8=0,0,J8/H8) -> 0.25240848 | L8: =IF(G8=0,0,J8/(G8+D8)) -> 0.25240848 | M8: =IF(H8=0,0,I8*입력가정!K9/H8) -> 0.50096339 | N8: =IF(I8=0,0,입력가정!H9/I8) -> 0.076923077 | O8: =K8*0.5+M8*0.3-N8*0.2 -> 0.26110864 | P8: =RANK(O8,$O$4:$O$13,0) -> 3
A9: =입력가정!A10 -> 6 | B9: =입력가정!B10 -> 경기 성남권 구도심 재개발(예시) | C9: =입력가정!E10*입력가정!F10 -> 6.825 | D9: =입력가정!G10-C9 -> 5.675 | E9: =입력가정!E10+입력가정!H10 -> 11.5 | F9: =입력가정!E10*입력가정!I10 -> 2.6 | G9: =E9-F9 -> 8.9 | H9: =E9+D9 -> 17.175 | I9: =입력가정!J10 -> 21 | J9: =I9-H9 -> 3.825 | K9: =IF(H9=0,0,J9/H9) -> 0.22270742 | L9: =IF(G9=0,0,J9/(G9+D9)) -> 0.26243568 | M9: =IF(H9=0,0,I9*입력가정!K10/H9) -> 0.61135371 | N9: =IF(I9=0,0,입력가정!H10/I9) -> 0.23809524 | O9: =K9*0.5+M9*0.3-N9*0.2 -> 0.24714078 | P9: =RANK(O9,$O$4:$O$13,0) -> 4
A10: =입력가정!A11 -> 7 | B10: =입력가정!B11 -> 경기 수원권 재개발(예시) | C10: =입력가정!E11*입력가정!F11 -> 5.25 | D10: =입력가정!G11-C10 -> 5.25 | E10: =입력가정!E11+입력가정!H11 -> 8.5 | F10: =입력가정!E11*입력가정!I11 -> 2 | G10: =E10-F10 -> 6.5 | H10: =E10+D10 -> 13.75 | I10: =입력가정!J11 -> 15.5 | J10: =I10-H10 -> 1.75 | K10: =IF(H10=0,0,J10/H10) -> 0.12727273 | L10: =IF(G10=0,0,J10/(G10+D10)) -> 0.14893617 | M10: =IF(H10=0,0,I10*입력가정!K11/H10) -> 0.56363636 | N10: =IF(I10=0,0,입력가정!H11/I10) -> 0.22580645 | O10: =K10*0.5+M10*0.3-N10*0.2 -> 0.18756598 | P10: =RANK(O10,$O$4:$O$13,0) -> 9
A11: =입력가정!A12 -> 8 | B11: =입력가정!B12 -> 대구 수성/중구 재개발(예시) | C11: =입력가정!E12*입력가정!F12 -> 3.5 | D11: =입력가정!G12-C11 -> 5 | E11: =입력가정!E12+입력가정!H12 -> 5 | F11: =입력가정!E12*입력가정!I12 -> 1.4 | G11: =E11-F11 -> 3.6 | H11: =E11+D11 -> 10 | I11: =입력가정!J12 -> 11.5 | J11: =I11-H11 -> 1.5 | K11: =IF(H11=0,0,J11/H11) -> 0.15 | L11: =IF(G11=0,0,J11/(G11+D11)) -> 0.1744186 | M11: =IF(H11=0,0,I11*입력가정!K12/H11) -> 0.575 | N11: =IF(I11=0,0,입력가정!H12/I11) -> 0.13043478 | O11: =K11*0.5+M11*0.3-N11*0.2 -> 0.22141304 | P11: =RANK(O11,$O$4:$O$13,0) -> 6
A12: =입력가정!A13 -> 9 | B12: =입력가정!B13 -> 대구 도심 재개발(예시) | C12: =입력가정!E13*입력가정!F13 -> 3 | D12: =입력가정!G13-C12 -> 4.8 | E12: =입력가정!E13+입력가정!H13 -> 4.2 | F12: =입력가정!E13*입력가정!I13 -> 1.2 | G12: =E12-F12 -> 3 | H12: =E12+D12 -> 9 | I12: =입력가정!J13 -> 10 | J12: =I12-H12 -> 1 | K12: =IF(H12=0,0,J12/H12) -> 0.11111111 | L12: =IF(G12=0,0,J12/(G12+D12)) -> 0.12820513 | M12: =IF(H12=0,0,I12*입력가정!K13/H12) -> 0.55555556 | N12: =IF(I12=0,0,입력가정!H13/I12) -> 0.12 | O12: =K12*0.5+M12*0.3-N12*0.2 -> 0.19822222 | P12: =RANK(O12,$O$4:$O$13,0) -> 8
A13: =입력가정!A14 -> 10 | B13: =입력가정!B14 -> 대전 재개발(예시) | C13: =입력가정!E14*입력가정!F14 -> 3.2 | D13: =입력가정!G14-C13 -> 5 | E13: =입력가정!E14+입력가정!H14 -> 5 | F13: =입력가정!E14*입력가정!I14 -> 1.28 | G13: =E13-F13 -> 3.72 | H13: =E13+D13 -> 10 | I13: =입력가정!J14 -> 11 | J13: =I13-H13 -> 1 | K13: =IF(H13=0,0,J13/H13) -> 0.1 | L13: =IF(G13=0,0,J13/(G13+D13)) -> 0.1146789 | M13: =IF(H13=0,0,I13*입력가정!K14/H13) -> 0.55 | N13: =IF(I13=0,0,입력가정!H14/I13) -> 0.16363636 | O13: =K13*0.5+M13*0.3-N13*0.2 -> 0.18227273 | P13: =RANK(O13,$O$4:$O$13,0) -> 10
A15: 수식 정의
A16: 권리가액=감정가×비례율 / 추가분담금=조합원분양가-권리가액 / 총매매가=감정가+프리미엄(P)
A17: 실투자금(현재)=총매매가-이주비대출(승계 가정) / 총투자금(입주시)=총매매가+추가분담금
A18: 수익금=입주후 예상시세-총투자금 (취득세·양도세·중개수수료·금융이자 미반영 → 세후 수익은 더 낮음)
A19: 종합점수=수익률×0.5+회수율×0.3-프리미엄 의존도×0.2 (가중치 임의 설정, 조정 가능)
A20: 입지·학군·초품아·인프라 점수는 '입지점수' 시트에 별도 입력(정성 평가)

Sheet 입지점수
A1: 입지 정성평가 (1~5점, 주관 입력 - 본인이 현장 확인 후 교체)
A3: No | B3: 구역 | C3: 입지 | D3: 인프라 완성도 | E3: 학군 | F3: 초품아 | G3: 합계(20점) | H3: 종합순위 반영 안내
A4: =입력가정!A5 -> 1 | B4: =입력가정!B5 -> 해운대 우동3구역 | C4: 5 | D4: 4 | E4: 4 | F4: 3 | G4: =SUM(C4:F4) -> 16 | H4: 점수는 제 일반 지식 기반 가정치(검증 아님)
A5: =입력가정!A6 -> 2 | B5: =입력가정!B6 -> 부산진 촉진2-1구역 | C5: 4 | D5: 5 | E5: 3 | F5: 3 | G5: =SUM(C5:F5) -> 15 | H5: 점수는 제 일반 지식 기반 가정치(검증 아님)
A6: =입력가정!A7 -> 3 | B6: =입력가정!B7 -> 부산진 촉진3구역 | C6: 4 | D6: 4 | E6: 3 | F6: 3 | G6: =SUM(C6:F6) -> 14 | H6: 점수는 제 일반 지식 기반 가정치(검증 아님)
A7: =입력가정!A8 -> 4 | B7: =입력가정!B8 -> 해운대 중동5구역 | C7: 4 | D7: 3 | E7: 3 | F7: 3 | G7: =SUM(C7:F7) -> 13 | H7: 점수는 제 일반 지식 기반 가정치(검증 아님)
A8: =입력가정!A9 -> 5 | B8: =입력가정!B9 -> 수영구 삼익비치(재건축) | C8: 5 | D8: 5 | E8: 4 | F8: 3 | G8: =SUM(C8:F8) -> 17 | H8: 점수는 제 일반 지식 기반 가정치(검증 아님)
A9: =입력가정!A10 -> 6 | B9: =입력가정!B10 -> 경기 성남권 구도심 재개발(예시) | C9: 4 | D9: 4 | E9: 3 | F9: 3 | G9: =SUM(C9:F9) -> 14 | H9: 점수는 제 일반 지식 기반 가정치(검증 아님)
A10: =입력가정!A11 -> 7 | B10: =입력가정!B11 -> 경기 수원권 재개발(예시) | C10: 3 | D10: 4 | E10: 3 | F10: 3 | G10: =SUM(C10:F10) -> 13 | H10: 점수는 제 일반 지식 기반 가정치(검증 아님)
A11: =입력가정!A12 -> 8 | B11: =입력가정!B12 -> 대구 수성/중구 재개발(예시) | C11: 3 | D11: 3 | E11: 3 | F11: 3 | G11: =SUM(C11:F11) -> 12 | H11: 점수는 제 일반 지식 기반 가정치(검증 아님)
A12: =입력가정!A13 -> 9 | B12: =입력가정!B13 -> 대구 도심 재개발(예시) | C12: 3 | D12: 3 | E12: 3 | F12: 3 | G12: =SUM(C12:F12) -> 12 | H12: 점수는 제 일반 지식 기반 가정치(검증 아님)
A13: =입력가정!A14 -> 10 | B13: =입력가정!B14 -> 대전 재개발(예시) | C13: 3 | D13: 3 | E13: 3 | F13: 3 | G13: =SUM(C13:F13) -> 12 | H13: 점수는 제 일반 지식 기반 가정치(검증 아님)

Sheet 매수전략
A1: 최적 매수전략 1·2·3안 (수식 연동)
A3: 가용 자기자본(억원) | B3: 8 | C3: ← 본인 가용현금으로 교체 (급여소득자 DSR·무주택/다주택 여부는 별도 확인)
A5: 전략 | B5: 핵심 구역 | C5: 성격 | D5: 실투자금 | E5: 총투자금(입주시) | F5: 예상 수익금 | G5: 수익률 | H5: 자기자본 충족 | I5: 추가 필요 현금(입주시 분담금 등) | J5: 실행 요점
A6: 1안 안정형 | B6: 해운대 우동3구역 | C6: 관리처분 인가 완료 + 입지 최상, 사업 속도 우선 | D6: =INDEX(분석!$G$4:$G$13,MATCH(B6,분석!$B$4:$B$13,0)) -> 7.3 | E6: =INDEX(분석!$H$4:$H$13,MATCH(B6,분석!$B$4:$B$13,0)) -> 16.675 | F6: =INDEX(분석!$J$4:$J$13,MATCH(B6,분석!$B$4:$B$13,0)) -> 5.325 | G6: =INDEX(분석!$K$4:$K$13,MATCH(B6,분석!$B$4:$B$13,0)) -> 0.31934033 | H6: =IF($B$3>=D6,"충족","부족") -> 충족 | I6: =E6-D6 -> 9.375 | J6: 인가 후 입주권 매수→이주비 승계, 공사비 증액 공지 확인 후 진입
A7: 2안 균형형 | B7: 부산진 촉진2-1구역 | C7: 시민공원 인접 초대단지, 중간 진입비용 | D7: =INDEX(분석!$G$4:$G$13,MATCH(B7,분석!$B$4:$B$13,0)) -> 6.38 | E7: =INDEX(분석!$H$4:$H$13,MATCH(B7,분석!$B$4:$B$13,0)) -> 14.52 | F7: =INDEX(분석!$J$4:$J$13,MATCH(B7,분석!$B$4:$B$13,0)) -> 2.48 | G7: =INDEX(분석!$K$4:$K$13,MATCH(B7,분석!$B$4:$B$13,0)) -> 0.1707989 | H7: =IF($B$3>=D7,"충족","부족") -> 충족 | I7: =E7-D7 -> 8.14 | J7: 프리미엄 하락·조정 시 분할 접근, 비례율·관리처분 총회안 확인 후 매수
A8: 3안 공격형 | B8: 해운대 중동5구역 | C8: 낮은 진입가 대신 비례율 분쟁 리스크 | D8: =INDEX(분석!$G$4:$G$13,MATCH(B8,분석!$B$4:$B$13,0)) -> 5.28 | E8: =INDEX(분석!$H$4:$H$13,MATCH(B8,분석!$B$4:$B$13,0)) -> 13.88 | F8: =INDEX(분석!$J$4:$J$13,MATCH(B8,분석!$B$4:$B$13,0)) -> 3.62 | G8: =INDEX(분석!$K$4:$K$13,MATCH(B8,분석!$B$4:$B$13,0)) -> 0.26080692 | H8: =IF($B$3>=D8,"충족","부족") -> 충족 | I8: =E8-D8 -> 8.6 | J8: 비대위 이슈 해소(관리처분 총회) 확인 후에만 소액 진입, 손절 기준 사전 설정

Sheet 출처_한계
A1: [확인된 사실 - 2026-10-29 웹검색]
A2: 삼익비치: 전용84㎡ 조합원 분양가 18.76억, 추정 분담금 8.55억 (한국경제 2026-10-12) https://www.hankyung.com/article/2026101269011
A3: 우동3구역: 관리처분계획 5/14 인가·5/20 고시, 2,395세대(임대121), 현대건설 (위클리한국주택경제신문) https://www.arunews.com/news/articleView.html?idxno=62854
A4: 우동3구역: 비례율 115% (개인블로그, 비공식) https://leederiblog.co.kr/
A5: 중동5구역: 비대위 자체추산 비례율 30%대 vs 조합 제시 110% 분쟁 https://v.daum.net/v/tq9hwq2XcX
A6: 중동5구역: DL이앤씨, 공사비 약5,401억, 2026.6 착공·2029.10 준공 계획 https://www.mt.co.kr/estate/2023/07/24/2023072414032385547
A7: 촉진2-1구역: 69층 1,902가구, 포스코이앤씨 도급계약, 관리처분 후 이주·착공 예정 https://m.ekn.kr/view.php?key=20240116010004500
A9: [확인 불가 → 가정치로 처리]
A10: 촉진3구역 전반, 모든 구역의 입주권 프리미엄 호가, 우동3·촉진2-1·중동5의 조합원 분양가·감정가, 경기·대구·대전 구체 구역
A11: 프리미엄은 공개 실거래가가 없어 중개업소 호가·조합원 명부 기준 확인이 필수입니다.
A13: [모델 한계]
A14: 세금(취득세·양도세·보유세 등)·금융이자·중개수수료·분담금 대출이자 미반영. 투자 전 세무사 확인 필수.
A15: 본 파일은 투자 권유가 아닌 비교 분석용 모델입니다.
