Workbook

Sheet 안내
A1: 부산 서부권 34평 7개 단지 갭투자·수익률 자동계산 시트 (데이터 기준 2026-09-29)
A3: 사용법
A4: 1 | B4: [가정] 시트의 노란 칸(취득세율·중개보수율·시나리오 선택)을 수정하세요.
A5: 2 | B5: [단지분석] 시트의 파란 글씨·연노랑 칸(매매가·전세가·상승률·평가점수)만 입력하세요. 나머지는 모두 수식으로 자동 계산됩니다.
A6: 3 | B6: [순위] 시트는 종합점수 기준 1~7위를 자동 정렬합니다(동점이면 위쪽 행이 우선).
A7: 4 | B7: [대출시뮬] 시트에서 실거주 매수(2안)의 대출이자와 월 부담액을 계산합니다.
A8: 색상 규칙
A9: 파란 글씨 | B9: 직접 입력하는 값(하드코딩 입력값)
A10: 검은 글씨 | B10: 수식(수정 금지)
A11: 초록 글씨 | B11: 다른 시트를 참조하는 수식
A12: 노란 채우기 | B12: 핵심 가정. 사용자가 바꾸는 칸
A13: 데이터 출처·한계
A14: 출처 | B14: 2026-09-29 기준 웹검색에 노출된 실거래·시세(호갱노노·KB부동산·리치고 등). 국토부 원문(rt.molit.go.kr)은 작성 환경의 네트워크 정책으로 직접 확인하지 못함.
A15: 주의 | B15: "추정" 표시 값은 애널리스트 추정치임. 계약 전 국토부 실거래가로 반드시 교체하세요. 수익률은 세전(양도세·보유세·매도 중개비 차감 전)이며 투자 권유가 아님.
A16: 단위 | B16: 금액: 억원 / 비율: % (소수로 저장, 예 0.05 = 5%)

Sheet 가정
A1: 공통 가정
A3: 항목 | B3: 값 | C3: 근거/설명
A4: 취득세+지방교육세율 | B4: 0.011 | C4: 1주택 또는 비조정지역(부산) 2주택, 6억 전후 34평(85㎡ 이하 농특세 비과세) 기준 약 1.1%. 3주택 이상은 8% 중과 → 0.08로 변경
A5: 매수 중개보수율 | B5: 0.004 | C5: 공인중개사법 부산 조례 기준 매매 5억~9억 상한 0.4%
A6: 보유기간(년) | B6: 2 | C6: 예상시세 시나리오의 기간. 상승률은 [단지분석]에서 "보유기간 전체 누적 상승률"로 입력
A7: 적용 시나리오 | B7: 기본 | C7: 보수 / 기본 / 낙관 중 선택 → [순위] 시트의 수익률 열에 반영
A8: 소액 갭 기준(억원 미만) | B8: 1.8 | C8: 레버리지 평가 "소액 갭 ◎" 기준
A9: 중간 갭 기준(억원 미만) | B9: 2.3 | C9: 이 값 이상이면 "갭 큼 △"

Sheet 단지분석
A1: 단지별 갭투자 분석 (34평, 단위: 억원)
A2: 파란 글씨·연노랑 칸만 입력 → 나머지 자동계산
A4: 단지명 | B4: 지역 | C4: 세대수 | D4: 입주 | E4: 매매가 (입력) | F4: 매매가 추정여부 | G4: 전세가 (입력) | H4: 전세가 추정여부 | I4: 부대비용 (취득세+중개) | J4: 총매수가 | K4: 갭투자금 | L4: 회수율 (전세가율) | M4: 투자금 대비 전세가(배) | N4: 레버리지 평가 | O4: 상승률 보수 | P4: 상승률 기본 | Q4: 상승률 낙관 | R4: 예상시세 보수 | S4: 예상시세 기본 | T4: 예상시세 낙관 | U4: 수익금 보수 | V4: 수익금 기본 | W4: 수익금 낙관 | X4: 수익률 보수 | Y4: 수익률 기본 | Z4: 수익률 낙관 | AA4: 상승기대 (30) | AB4: 입지·교통 (20) | AC4: 갭·전세가율 (15) | AD4: 상품성 (15) | AE4: 학군 (10) | AF4: 공급리스크 (10) | AG4: 종합점수 | AH4: 순위 | AI4: 가격 근거(출처)
A5: 힐스테이트사하역 | B5: 사하구 괴정동 | C5: 1314 | D5: 2022.12 | E5: 5.9 | F5: 실거래 | G5: 4.3 | H5: 실거래 | I5: =E5*(가정!$B$4+가정!$B$5) | J5: =E5+I5 | K5: =E5-G5+I5 | L5: =IFERROR(G5/E5,0) | M5: =IFERROR(G5/K5,0) | N5: =IF(K5<가정!$B$8,"소액 갭 ◎",IF(K5<가정!$B$9,"중간 ○","갭 큼 △")) | O5: -0.03 | P5: 0.05 | Q5: 0.1 | R5: =E5*(1+O5) | S5: =E5*(1+P5) | T5: =E5*(1+Q5) | U5: =R5-E5-I5 | V5: =S5-E5-I5 | W5: =T5-E5-I5 | X5: =IFERROR(U5/K5,0) | Y5: =IFERROR(V5/K5,0) | Z5: =IFERROR(W5/K5,0) | AA5: 24 | AB5: 17 | AC5: 12 | AD5: 14 | AE5: 6 | AF5: 6 | AG5: =SUM(AA5:AF5) | AH5: =COUNTIF($AG$5:$AG$11,">"&AG5)+COUNTIF($AG$5:AG5,AG5) | AI5: 최근1개월 평균 5.65억, 거래사례 6.20~6.25억·6.5억(호갱노노 검색 스니펫) → 대표값 5.90억 / 전세 거래 4.30억(전세가율 약 70%, 스니펫)
A6: 사하역비스타동원 | B6: 사하구 괴정동 | C6: 513 | D6: 2021.01 | E6: 5.8 | F6: 시세 | G6: 4.1 | H6: 추정 | I6: =E6*(가정!$B$4+가정!$B$5) | J6: =E6+I6 | K6: =E6-G6+I6 | L6: =IFERROR(G6/E6,0) | M6: =IFERROR(G6/K6,0) | N6: =IF(K6<가정!$B$8,"소액 갭 ◎",IF(K6<가정!$B$9,"중간 ○","갭 큼 △")) | O6: -0.03 | P6: 0.04 | Q6: 0.08 | R6: =E6*(1+O6) | S6: =E6*(1+P6) | T6: =E6*(1+Q6) | U6: =R6-E6-I6 | V6: =S6-E6-I6 | W6: =T6-E6-I6 | X6: =IFERROR(U6/K6,0) | Y6: =IFERROR(V6/K6,0) | Z6: =IFERROR(W6/K6,0) | AA6: 19 | AB6: 17 | AC6: 12 | AD6: 10 | AE6: 6 | AF6: 6 | AG6: =SUM(AA6:AF6) | AH6: =COUNTIF($AG$5:$AG$11,">"&AG6)+COUNTIF($AG$5:AG6,AG6) | AI6: 33평형 매매시세 5.8억(2026.9.29, 리치고 스니펫), 매물 호가 6.5억 / 전세 실거래 3.885억(2025.12.5), 33평 전세시세 4.3억 → 중간값 4.1억(추정)
A7: 더샵명지퍼스트월드2단지 | B7: 강서구 명지동 | C7: 1406 | D7: 2019~2020(자료 상이) | E7: 5.9 | F7: 실거래 | G7: 3.4 | H7: 추정 | I7: =E7*(가정!$B$4+가정!$B$5) | J7: =E7+I7 | K7: =E7-G7+I7 | L7: =IFERROR(G7/E7,0) | M7: =IFERROR(G7/K7,0) | N7: =IF(K7<가정!$B$8,"소액 갭 ◎",IF(K7<가정!$B$9,"중간 ○","갭 큼 △")) | O7: -0.05 | P7: 0.03 | Q7: 0.09 | R7: =E7*(1+O7) | S7: =E7*(1+P7) | T7: =E7*(1+Q7) | U7: =R7-E7-I7 | V7: =S7-E7-I7 | W7: =T7-E7-I7 | X7: =IFERROR(U7/K7,0) | Y7: =IFERROR(V7/K7,0) | Z7: =IFERROR(W7/K7,0) | AA7: 19 | AB7: 15 | AC7: 7 | AD7: 11 | AE7: 8 | AF7: 5 | AG7: =SUM(AA7:AF7) | AH7: =COUNTIF($AG$5:$AG$11,">"&AG7)+COUNTIF($AG$5:AG7,AG7) | AI7: 실거래 5.90억(2026.9.4), 5.99억(2026.8.15, 12층) / 매물 6.3억 / 3단지 전세 매물평균 3.35억 준용 → 3.4억(추정)
A8: 더샵명지퍼스트월드3단지 | B8: 강서구 명지동 | C8: 1530 | D8: 2020.07 | E8: 6 | F8: 추정 | G8: 3.35 | H8: 시세 | I8: =E8*(가정!$B$4+가정!$B$5) | J8: =E8+I8 | K8: =E8-G8+I8 | L8: =IFERROR(G8/E8,0) | M8: =IFERROR(G8/K8,0) | N8: =IF(K8<가정!$B$8,"소액 갭 ◎",IF(K8<가정!$B$9,"중간 ○","갭 큼 △")) | O8: -0.05 | P8: 0.03 | Q8: 0.09 | R8: =E8*(1+O8) | S8: =E8*(1+P8) | T8: =E8*(1+Q8) | U8: =R8-E8-I8 | V8: =S8-E8-I8 | W8: =T8-E8-I8 | X8: =IFERROR(U8/K8,0) | Y8: =IFERROR(V8/K8,0) | Z8: =IFERROR(W8/K8,0) | AA8: 20 | AB8: 15 | AC8: 7 | AD8: 13 | AE8: 8 | AF8: 5 | AG8: =SUM(AA8:AF8) | AH8: =COUNTIF($AG$5:$AG$11,">"&AG8)+COUNTIF($AG$5:AG8,AG8) | AI8: 34평 매매 실거래 미확인 → 2단지 실거래(5.9~5.99억)+신축 프리미엄 가정 6.0억(추정) / 34평 전세 매물평균 3.35억(2026.8, 상위 3.55/하위 3.15억)
A9: 대신푸르지오1차 | B9: 서구 서대신동1가 | C9: 959 | D9: 2018.04 | E9: 6.05 | F9: 시세 | G9: 4 | H9: 추정 | I9: =E9*(가정!$B$4+가정!$B$5) | J9: =E9+I9 | K9: =E9-G9+I9 | L9: =IFERROR(G9/E9,0) | M9: =IFERROR(G9/K9,0) | N9: =IF(K9<가정!$B$8,"소액 갭 ◎",IF(K9<가정!$B$9,"중간 ○","갭 큼 △")) | O9: -0.03 | P9: 0.03 | Q9: 0.07 | R9: =E9*(1+O9) | S9: =E9*(1+P9) | T9: =E9*(1+Q9) | U9: =R9-E9-I9 | V9: =S9-E9-I9 | W9: =T9-E9-I9 | X9: =IFERROR(U9/K9,0) | Y9: =IFERROR(V9/K9,0) | Z9: =IFERROR(W9/K9,0) | AA9: 18 | AB9: 16 | AC9: 10 | AD9: 11 | AE9: 8 | AF9: 8 | AG9: =SUM(AA9:AF9) | AH9: =COUNTIF($AG$5:$AG$11,">"&AG9)+COUNTIF($AG$5:AG9,AG9) | AI9: 34평 시세 6.05억(평당 2,400만, 2026.6 스니펫), 6.1억 / 전세 원자료 미확인 → 인근 신축 대비 연식 할인 4.0억(추정)
A10: 대신2차푸르지오 | B10: 서구 서대신동2가 | C10: 815 | D10: 2020.09 | E10: 5.8 | F10: 시세 | G10: 4.2 | H10: 추정 | I10: =E10*(가정!$B$4+가정!$B$5) | J10: =E10+I10 | K10: =E10-G10+I10 | L10: =IFERROR(G10/E10,0) | M10: =IFERROR(G10/K10,0) | N10: =IF(K10<가정!$B$8,"소액 갭 ◎",IF(K10<가정!$B$9,"중간 ○","갭 큼 △")) | O10: -0.03 | P10: 0.05 | Q10: 0.1 | R10: =E10*(1+O10) | S10: =E10*(1+P10) | T10: =E10*(1+Q10) | U10: =R10-E10-I10 | V10: =S10-E10-I10 | W10: =T10-E10-I10 | X10: =IFERROR(U10/K10,0) | Y10: =IFERROR(V10/K10,0) | Z10: =IFERROR(W10/K10,0) | AA10: 22 | AB10: 16 | AC10: 12 | AD10: 12 | AE10: 8 | AF10: 8 | AG10: =SUM(AA10:AF10) | AH10: =COUNTIF($AG$5:$AG$11,">"&AG10)+COUNTIF($AG$5:AG10,AG10) | AI10: KB시세 상위평균 6.0억 / 하위평균 5.55억(2026.5), 매물 5.9억 → 5.8억 / 전세 매물 8건뿐(2026.5, 매매매물 360건) → 4.2억(추정)
A11: 대신해모로센트럴 | B11: 서구 서대신동2가 | C11: 733 | D11: 2022.07 | E11: 5.8 | F11: 시세 | G11: 4.3 | H11: 추정 | I11: =E11*(가정!$B$4+가정!$B$5) | J11: =E11+I11 | K11: =E11-G11+I11 | L11: =IFERROR(G11/E11,0) | M11: =IFERROR(G11/K11,0) | N11: =IF(K11<가정!$B$8,"소액 갭 ◎",IF(K11<가정!$B$9,"중간 ○","갭 큼 △")) | O11: -0.03 | P11: 0.05 | Q11: 0.09 | R11: =E11*(1+O11) | S11: =E11*(1+P11) | T11: =E11*(1+Q11) | U11: =R11-E11-I11 | V11: =S11-E11-I11 | W11: =T11-E11-I11 | X11: =IFERROR(U11/K11,0) | Y11: =IFERROR(V11/K11,0) | Z11: =IFERROR(W11/K11,0) | AA11: 21 | AB11: 16 | AC11: 13 | AD11: 12 | AE11: 7 | AF11: 8 | AG11: =SUM(AA11:AF11) | AH11: =COUNTIF($AG$5:$AG$11,">"&AG11)+COUNTIF($AG$5:AG11,AG11) | AI11: 34평 최근1개월 평균 5.8억(스니펫). 참고: 76.52㎡ 5.8억(2026.1.15) / 76.95㎡ 전세 4.2억(2026.1.27) → 34평 4.3억(추정)
A12: 평균 | E12: =AVERAGE(E5:E11) | G12: =AVERAGE(G5:G11) | I12: =AVERAGE(I5:I11) | J12: =AVERAGE(J5:J11) | K12: =AVERAGE(K5:K11) | L12: =AVERAGE(L5:L11) | M12: =AVERAGE(M5:M11) | R12: =AVERAGE(R5:R11) | S12: =AVERAGE(S5:S11) | T12: =AVERAGE(T5:T11) | U12: =AVERAGE(U5:U11) | V12: =AVERAGE(V5:V11) | W12: =AVERAGE(W5:W11) | X12: =AVERAGE(X5:X11) | Y12: =AVERAGE(Y5:Y11) | Z12: =AVERAGE(Z5:Z11) | AG12: =AVERAGE(AG5:AG11)
A14: 주: 수익금 = 예상시세 − 매매가 − 부대비용(세전). 상승률·점수는 애널리스트 추정 가정이며 자유롭게 수정 가능. 점수 가중치: 상승기대30·입지20·갭15·상품성15·학군10·공급리스크10.

Sheet 순위
A1: 종합점수 순위 (자동 정렬)
A2: ="적용 시나리오: "&가정!$B$7
A4: 순위 | B4: 단지명 | C4: 지역 | D4: 종합점수 | E4: 매매가 | F4: 전세가 | G4: 갭투자금 | H4: 회수율 | I4: 예상시세(선택 시나리오) | J4: 수익금(선택) | K4: 수익률(선택) | L4: 레버리지 평가
A5: 1 | B5: =INDEX(단지분석!$A$5:$A$11,MATCH($A5,단지분석!$AH$5:$AH$11,0)) | C5: =INDEX(단지분석!$B$5:$B$11,MATCH($A5,단지분석!$AH$5:$AH$11,0)) | D5: =INDEX(단지분석!$AG$5:$AG$11,MATCH($A5,단지분석!$AH$5:$AH$11,0)) | E5: =INDEX(단지분석!$E$5:$E$11,MATCH($A5,단지분석!$AH$5:$AH$11,0)) | F5: =INDEX(단지분석!$G$5:$G$11,MATCH($A5,단지분석!$AH$5:$AH$11,0)) | G5: =INDEX(단지분석!$K$5:$K$11,MATCH($A5,단지분석!$AH$5:$AH$11,0)) | H5: =INDEX(단지분석!$L$5:$L$11,MATCH($A5,단지분석!$AH$5:$AH$11,0)) | I5: =IF(가정!$B$7="보수",INDEX(단지분석!$R$5:$R$11,MATCH($A5,단지분석!$AH$5:$AH$11,0)),IF(가정!$B$7="낙관",INDEX(단지분석!$T$5:$T$11,MATCH($A5,단지분석!$AH$5:$AH$11,0)),INDEX(단지분석!$S$5:$S$11,MATCH($A5,단지분석!$AH$5:$AH$11,0)))) | J5: =IF(가정!$B$7="보수",INDEX(단지분석!$U$5:$U$11,MATCH($A5,단지분석!$AH$5:$AH$11,0)),IF(가정!$B$7="낙관",INDEX(단지분석!$W$5:$W$11,MATCH($A5,단지분석!$AH$5:$AH$11,0)),INDEX(단지분석!$V$5:$V$11,MATCH($A5,단지분석!$AH$5:$AH$11,0)))) | K5: =IFERROR(J5/G5,0) | L5: =INDEX(단지분석!$N$5:$N$11,MATCH($A5,단지분석!$AH$5:$AH$11,0))
A6: 2 | B6: =INDEX(단지분석!$A$5:$A$11,MATCH($A6,단지분석!$AH$5:$AH$11,0)) | C6: =INDEX(단지분석!$B$5:$B$11,MATCH($A6,단지분석!$AH$5:$AH$11,0)) | D6: =INDEX(단지분석!$AG$5:$AG$11,MATCH($A6,단지분석!$AH$5:$AH$11,0)) | E6: =INDEX(단지분석!$E$5:$E$11,MATCH($A6,단지분석!$AH$5:$AH$11,0)) | F6: =INDEX(단지분석!$G$5:$G$11,MATCH($A6,단지분석!$AH$5:$AH$11,0)) | G6: =INDEX(단지분석!$K$5:$K$11,MATCH($A6,단지분석!$AH$5:$AH$11,0)) | H6: =INDEX(단지분석!$L$5:$L$11,MATCH($A6,단지분석!$AH$5:$AH$11,0)) | I6: =IF(가정!$B$7="보수",INDEX(단지분석!$R$5:$R$11,MATCH($A6,단지분석!$AH$5:$AH$11,0)),IF(가정!$B$7="낙관",INDEX(단지분석!$T$5:$T$11,MATCH($A6,단지분석!$AH$5:$AH$11,0)),INDEX(단지분석!$S$5:$S$11,MATCH($A6,단지분석!$AH$5:$AH$11,0)))) | J6: =IF(가정!$B$7="보수",INDEX(단지분석!$U$5:$U$11,MATCH($A6,단지분석!$AH$5:$AH$11,0)),IF(가정!$B$7="낙관",INDEX(단지분석!$W$5:$W$11,MATCH($A6,단지분석!$AH$5:$AH$11,0)),INDEX(단지분석!$V$5:$V$11,MATCH($A6,단지분석!$AH$5:$AH$11,0)))) | K6: =IFERROR(J6/G6,0) | L6: =INDEX(단지분석!$N$5:$N$11,MATCH($A6,단지분석!$AH$5:$AH$11,0))
A7: 3 | B7: =INDEX(단지분석!$A$5:$A$11,MATCH($A7,단지분석!$AH$5:$AH$11,0)) | C7: =INDEX(단지분석!$B$5:$B$11,MATCH($A7,단지분석!$AH$5:$AH$11,0)) | D7: =INDEX(단지분석!$AG$5:$AG$11,MATCH($A7,단지분석!$AH$5:$AH$11,0)) | E7: =INDEX(단지분석!$E$5:$E$11,MATCH($A7,단지분석!$AH$5:$AH$11,0)) | F7: =INDEX(단지분석!$G$5:$G$11,MATCH($A7,단지분석!$AH$5:$AH$11,0)) | G7: =INDEX(단지분석!$K$5:$K$11,MATCH($A7,단지분석!$AH$5:$AH$11,0)) | H7: =INDEX(단지분석!$L$5:$L$11,MATCH($A7,단지분석!$AH$5:$AH$11,0)) | I7: =IF(가정!$B$7="보수",INDEX(단지분석!$R$5:$R$11,MATCH($A7,단지분석!$AH$5:$AH$11,0)),IF(가정!$B$7="낙관",INDEX(단지분석!$T$5:$T$11,MATCH($A7,단지분석!$AH$5:$AH$11,0)),INDEX(단지분석!$S$5:$S$11,MATCH($A7,단지분석!$AH$5:$AH$11,0)))) | J7: =IF(가정!$B$7="보수",INDEX(단지분석!$U$5:$U$11,MATCH($A7,단지분석!$AH$5:$AH$11,0)),IF(가정!$B$7="낙관",INDEX(단지분석!$W$5:$W$11,MATCH($A7,단지분석!$AH$5:$AH$11,0)),INDEX(단지분석!$V$5:$V$11,MATCH($A7,단지분석!$AH$5:$AH$11,0)))) | K7: =IFERROR(J7/G7,0) | L7: =INDEX(단지분석!$N$5:$N$11,MATCH($A7,단지분석!$AH$5:$AH$11,0))
A8: 4 | B8: =INDEX(단지분석!$A$5:$A$11,MATCH($A8,단지분석!$AH$5:$AH$11,0)) | C8: =INDEX(단지분석!$B$5:$B$11,MATCH($A8,단지분석!$AH$5:$AH$11,0)) | D8: =INDEX(단지분석!$AG$5:$AG$11,MATCH($A8,단지분석!$AH$5:$AH$11,0)) | E8: =INDEX(단지분석!$E$5:$E$11,MATCH($A8,단지분석!$AH$5:$AH$11,0)) | F8: =INDEX(단지분석!$G$5:$G$11,MATCH($A8,단지분석!$AH$5:$AH$11,0)) | G8: =INDEX(단지분석!$K$5:$K$11,MATCH($A8,단지분석!$AH$5:$AH$11,0)) | H8: =INDEX(단지분석!$L$5:$L$11,MATCH($A8,단지분석!$AH$5:$AH$11,0)) | I8: =IF(가정!$B$7="보수",INDEX(단지분석!$R$5:$R$11,MATCH($A8,단지분석!$AH$5:$AH$11,0)),IF(가정!$B$7="낙관",INDEX(단지분석!$T$5:$T$11,MATCH($A8,단지분석!$AH$5:$AH$11,0)),INDEX(단지분석!$S$5:$S$11,MATCH($A8,단지분석!$AH$5:$AH$11,0)))) | J8: =IF(가정!$B$7="보수",INDEX(단지분석!$U$5:$U$11,MATCH($A8,단지분석!$AH$5:$AH$11,0)),IF(가정!$B$7="낙관",INDEX(단지분석!$W$5:$W$11,MATCH($A8,단지분석!$AH$5:$AH$11,0)),INDEX(단지분석!$V$5:$V$11,MATCH($A8,단지분석!$AH$5:$AH$11,0)))) | K8: =IFERROR(J8/G8,0) | L8: =INDEX(단지분석!$N$5:$N$11,MATCH($A8,단지분석!$AH$5:$AH$11,0))
A9: 5 | B9: =INDEX(단지분석!$A$5:$A$11,MATCH($A9,단지분석!$AH$5:$AH$11,0)) | C9: =INDEX(단지분석!$B$5:$B$11,MATCH($A9,단지분석!$AH$5:$AH$11,0)) | D9: =INDEX(단지분석!$AG$5:$AG$11,MATCH($A9,단지분석!$AH$5:$AH$11,0)) | E9: =INDEX(단지분석!$E$5:$E$11,MATCH($A9,단지분석!$AH$5:$AH$11,0)) | F9: =INDEX(단지분석!$G$5:$G$11,MATCH($A9,단지분석!$AH$5:$AH$11,0)) | G9: =INDEX(단지분석!$K$5:$K$11,MATCH($A9,단지분석!$AH$5:$AH$11,0)) | H9: =INDEX(단지분석!$L$5:$L$11,MATCH($A9,단지분석!$AH$5:$AH$11,0)) | I9: =IF(가정!$B$7="보수",INDEX(단지분석!$R$5:$R$11,MATCH($A9,단지분석!$AH$5:$AH$11,0)),IF(가정!$B$7="낙관",INDEX(단지분석!$T$5:$T$11,MATCH($A9,단지분석!$AH$5:$AH$11,0)),INDEX(단지분석!$S$5:$S$11,MATCH($A9,단지분석!$AH$5:$AH$11,0)))) | J9: =IF(가정!$B$7="보수",INDEX(단지분석!$U$5:$U$11,MATCH($A9,단지분석!$AH$5:$AH$11,0)),IF(가정!$B$7="낙관",INDEX(단지분석!$W$5:$W$11,MATCH($A9,단지분석!$AH$5:$AH$11,0)),INDEX(단지분석!$V$5:$V$11,MATCH($A9,단지분석!$AH$5:$AH$11,0)))) | K9: =IFERROR(J9/G9,0) | L9: =INDEX(단지분석!$N$5:$N$11,MATCH($A9,단지분석!$AH$5:$AH$11,0))
A10: 6 | B10: =INDEX(단지분석!$A$5:$A$11,MATCH($A10,단지분석!$AH$5:$AH$11,0)) | C10: =INDEX(단지분석!$B$5:$B$11,MATCH($A10,단지분석!$AH$5:$AH$11,0)) | D10: =INDEX(단지분석!$AG$5:$AG$11,MATCH($A10,단지분석!$AH$5:$AH$11,0)) | E10: =INDEX(단지분석!$E$5:$E$11,MATCH($A10,단지분석!$AH$5:$AH$11,0)) | F10: =INDEX(단지분석!$G$5:$G$11,MATCH($A10,단지분석!$AH$5:$AH$11,0)) | G10: =INDEX(단지분석!$K$5:$K$11,MATCH($A10,단지분석!$AH$5:$AH$11,0)) | H10: =INDEX(단지분석!$L$5:$L$11,MATCH($A10,단지분석!$AH$5:$AH$11,0)) | I10: =IF(가정!$B$7="보수",INDEX(단지분석!$R$5:$R$11,MATCH($A10,단지분석!$AH$5:$AH$11,0)),IF(가정!$B$7="낙관",INDEX(단지분석!$T$5:$T$11,MATCH($A10,단지분석!$AH$5:$AH$11,0)),INDEX(단지분석!$S$5:$S$11,MATCH($A10,단지분석!$AH$5:$AH$11,0)))) | J10: =IF(가정!$B$7="보수",INDEX(단지분석!$U$5:$U$11,MATCH($A10,단지분석!$AH$5:$AH$11,0)),IF(가정!$B$7="낙관",INDEX(단지분석!$W$5:$W$11,MATCH($A10,단지분석!$AH$5:$AH$11,0)),INDEX(단지분석!$V$5:$V$11,MATCH($A10,단지분석!$AH$5:$AH$11,0)))) | K10: =IFERROR(J10/G10,0) | L10: =INDEX(단지분석!$N$5:$N$11,MATCH($A10,단지분석!$AH$5:$AH$11,0))
A11: 7 | B11: =INDEX(단지분석!$A$5:$A$11,MATCH($A11,단지분석!$AH$5:$AH$11,0)) | C11: =INDEX(단지분석!$B$5:$B$11,MATCH($A11,단지분석!$AH$5:$AH$11,0)) | D11: =INDEX(단지분석!$AG$5:$AG$11,MATCH($A11,단지분석!$AH$5:$AH$11,0)) | E11: =INDEX(단지분석!$E$5:$E$11,MATCH($A11,단지분석!$AH$5:$AH$11,0)) | F11: =INDEX(단지분석!$G$5:$G$11,MATCH($A11,단지분석!$AH$5:$AH$11,0)) | G11: =INDEX(단지분석!$K$5:$K$11,MATCH($A11,단지분석!$AH$5:$AH$11,0)) | H11: =INDEX(단지분석!$L$5:$L$11,MATCH($A11,단지분석!$AH$5:$AH$11,0)) | I11: =IF(가정!$B$7="보수",INDEX(단지분석!$R$5:$R$11,MATCH($A11,단지분석!$AH$5:$AH$11,0)),IF(가정!$B$7="낙관",INDEX(단지분석!$T$5:$T$11,MATCH($A11,단지분석!$AH$5:$AH$11,0)),INDEX(단지분석!$S$5:$S$11,MATCH($A11,단지분석!$AH$5:$AH$11,0)))) | J11: =IF(가정!$B$7="보수",INDEX(단지분석!$U$5:$U$11,MATCH($A11,단지분석!$AH$5:$AH$11,0)),IF(가정!$B$7="낙관",INDEX(단지분석!$W$5:$W$11,MATCH($A11,단지분석!$AH$5:$AH$11,0)),INDEX(단지분석!$V$5:$V$11,MATCH($A11,단지분석!$AH$5:$AH$11,0)))) | K11: =IFERROR(J11/G11,0) | L11: =INDEX(단지분석!$N$5:$N$11,MATCH($A11,단지분석!$AH$5:$AH$11,0))
A13: 1~4위(노란색) = 향후 가격 인상 기대 상위. 점수·가격 입력은 [단지분석]에서 수정.

Sheet 대출시뮬
A1: 실거주 매수 대출 시뮬레이션 (2안)
A3: 항목 | B3: 값
A4: 대상 단지(단지분석 행 선택) | B4: 대신2차푸르지오 | C4: 단지명을 목록에서 선택
A5: 매매가(억원) | B5: =INDEX(단지분석!$E$5:$E$11,MATCH(B4,단지분석!$A$5:$A$11,0))
A6: 부대비용(억원) | B6: =INDEX(단지분석!$I$5:$I$11,MATCH(B4,단지분석!$A$5:$A$11,0))
A7: LTV(담보인정비율) | B7: 0.7 | C7: 비규제지역 일반 70% 가정. 실제 한도는 DSR·소득에 따라 달라짐
A8: 대출금(억원) | B8: =B5*B7
A9: 필요 자기자본(억원) | B9: =B5+B6-B8
A10: 대출금리(연) | B10: 0.045 | C10: 가정값. 기준금리 3.00%(2026.8.27) 환경의 주담대 금리로 은행 견적으로 교체
A11: 대출기간(년) | B11: 30
A12: 월 원리금(만원, 원리금균등) | B12: =IFERROR(PMT(B10/12,B11*12,-B8*10000),0) | C12: 억원×10,000 = 만원
A13: 월 이자만(만원, 첫달) | B13: =B8*10000*B10/12
A14: 보유기간 예상시세(기본, 억원) | B14: =INDEX(단지분석!$S$5:$S$11,MATCH(B4,단지분석!$A$5:$A$11,0))
A15: 보유기간 총이자(억원, 근사) | B15: =B8*B10*가정!$B$6 | C15: 원금 상환분 무시한 단순 근사
A16: 실거주 순수익(억원, 세전) | B16: =B14-B5-B6-B15 | C16: 1주택 2년 거주 시 양도세 비과세(12억 이하) 가정
A17: 자기자본 수익률 | B17: =IFERROR(B16/B9,0)
